[
    {
        "SUPPLIER_CODE":"008",
        "PURCH_DOC_NO":"PC000011",
        "PURCH_DATE":1526256000000
    },
    {
        "SUPPLIER_CODE":"008",
        "PURCH_DOC_NO":"PC000012",
        "PURCH_DATE":1526256000000
    },
    {
        "SUPPLIER_CODE":"008",
        "PURCH_DOC_NO":"PC400001",
        "PURCH_DATE":1526256000000
    },
    {
        "SUPPLIER_CODE":"006",
        "PURCH_DOC_NO":"PN000427",
        "PURCH_DATE":1520467200000
    },
    {
        "SUPPLIER_CODE":"006",
        "PURCH_DOC_NO":"PN000428",
        "PURCH_DATE":1520467200000
    },
    {
        "SUPPLIER_CODE":"006",
        "PURCH_DOC_NO":"PN000429",
        "PURCH_DATE":1520467200000
    },
    {
        "SUPPLIER_CODE":"009",
        "PURCH_DOC_NO":"PN000430",
        "PURCH_DATE":1532995200000
    },
    {
        "SUPPLIER_CODE":"ADAG01",
        "PURCH_DOC_NO":"PN000431",
        "PURCH_DATE":1532995200000
    },
    {
        "SUPPLIER_CODE":"010",
        "PURCH_DOC_NO":"PN000432",
        "PURCH_DATE":1534723200000
    },
    {
        "SUPPLIER_CODE":"010",
        "PURCH_DOC_NO":"PN000433",
        "PURCH_DATE":1534723200000
    },
    {
        "SUPPLIER_CODE":"010",
        "PURCH_DOC_NO":"PN000434",
        "PURCH_DATE":1534723200000
    },
    {
        "SUPPLIER_CODE":"010",
        "PURCH_DOC_NO":"PN000435",
        "PURCH_DATE":1534723200000
    },
    {
        "SUPPLIER_CODE":"010",
        "PURCH_DOC_NO":"PN000436",
        "PURCH_DATE":1534723200000
    },
    {
        "SUPPLIER_CODE":"010",
        "PURCH_DOC_NO":"PN000437",
        "PURCH_DATE":1534723200000
    },
    {
        "SUPPLIER_CODE":"PG001",
        "PURCH_DOC_NO":"PN000438",
        "PURCH_DATE":1533081600000
    },
    {
        "SUPPLIER_CODE":"007",
        "PURCH_DOC_NO":"PN100001",
        "PURCH_DATE":1522713600000
    },
    {
        "SUPPLIER_CODE":"008",
        "PURCH_DOC_NO":"PN400001",
        "PURCH_DATE":1525392000000
    },
    {
        "SUPPLIER_CODE":"008",
        "PURCH_DOC_NO":"PN400002",
        "PURCH_DATE":1525737600000
    },
    {
        "SUPPLIER_CODE":"008",
        "PURCH_DOC_NO":"PN400003",
        "PURCH_DATE":1526256000000
    },
    {
        "SUPPLIER_CODE":"011",
        "PURCH_DOC_NO":"PN400004",
        "PURCH_DATE":1541116800000
    },
    {
        "SUPPLIER_CODE":"011",
        "PURCH_DOC_NO":"PN400005",
        "PURCH_DATE":1541116800000
    },
    {
        "SUPPLIER_CODE":"011",
        "PURCH_DOC_NO":"PN400006",
        "PURCH_DATE":1541116800000
    },
    {
        "SUPPLIER_CODE":"011",
        "PURCH_DOC_NO":"PN400007",
        "PURCH_DATE":1541116800000
    },
    {
        "SUPPLIER_CODE":"011",
        "PURCH_DOC_NO":"PN400008",
        "PURCH_DATE":1541116800000
    },
    {
        "SUPPLIER_CODE":"011",
        "PURCH_DOC_NO":"PN400009",
        "PURCH_DATE":1541116800000
    },
    {
        "SUPPLIER_CODE":"007",
        "PURCH_DOC_NO":"PN500006",
        "PURCH_DATE":1556150400000
    },
    {
        "SUPPLIER_CODE":"007",
        "PURCH_DOC_NO":"PN500007",
        "PURCH_DATE":1556150400000
    },
    {
        "SUPPLIER_CODE":"006",
        "PURCH_DOC_NO":"PN500012",
        "PURCH_DATE":1565827200000
    },
    {
        "SUPPLIER_CODE":"005",
        "PURCH_DOC_NO":"PN500015",
        "PURCH_DATE":1543708800000
    },
    {
        "SUPPLIER_CODE":"005",
        "PURCH_DOC_NO":"PN500016",
        "PURCH_DATE":1543708800000
    },
    {
        "SUPPLIER_CODE":"005",
        "PURCH_DOC_NO":"PN500017",
        "PURCH_DATE":1543708800000
    },
    {
        "SUPPLIER_CODE":"012",
        "PURCH_DOC_NO":"PN500018",
        "PURCH_DATE":1514937600000
    },
    {
        "SUPPLIER_CODE":"011",
        "PURCH_DOC_NO":"PN700001",
        "PURCH_DATE":1572566400000
    },
    {
        "SUPPLIER_CODE":"011",
        "PURCH_DOC_NO":"PN700002",
        "PURCH_DATE":1572566400000
    },
    {
        "SUPPLIER_CODE":"011",
        "PURCH_DOC_NO":"PN700003",
        "PURCH_DATE":1572566400000
    },
    {
        "SUPPLIER_CODE":"011",
        "PURCH_DOC_NO":"PN700004",
        "PURCH_DATE":1572566400000
    },
    {
        "SUPPLIER_CODE":"011",
        "PURCH_DOC_NO":"PN700005",
        "PURCH_DATE":1572566400000
    },
    {
        "SUPPLIER_CODE":"011",
        "PURCH_DOC_NO":"PN700006",
        "PURCH_DATE":1572566400000
    },
    {
        "SUPPLIER_CODE":"011",
        "PURCH_DOC_NO":"PN700007",
        "PURCH_DATE":1572566400000
    },
    {
        "SUPPLIER_CODE":"011",
        "PURCH_DOC_NO":"PN700008",
        "PURCH_DATE":1572566400000
    },
    {
        "SUPPLIER_CODE":"011",
        "PURCH_DOC_NO":"PN700009",
        "PURCH_DATE":1572566400000
    },
    {
        "SUPPLIER_CODE":"011",
        "PURCH_DOC_NO":"PN700010",
        "PURCH_DATE":1572566400000
    },
    {
        "SUPPLIER_CODE":"011",
        "PURCH_DOC_NO":"PN700011",
        "PURCH_DATE":1572566400000
    },
    {
        "SUPPLIER_CODE":"009",
        "PURCH_DOC_NO":"PN900012",
        "PURCH_DATE":1530489600000
    },
    {
        "SUPPLIER_CODE":"009",
        "PURCH_DOC_NO":"PN900013",
        "PURCH_DATE":1530489600000
    },
    {
        "SUPPLIER_CODE":"009",
        "PURCH_DOC_NO":"PN900014",
        "PURCH_DATE":1530489600000
    },
    {
        "SUPPLIER_CODE":"009",
        "PURCH_DOC_NO":"PN900015",
        "PURCH_DATE":1530489600000
    },
    {
        "SUPPLIER_CODE":"009",
        "PURCH_DOC_NO":"PN900016",
        "PURCH_DATE":1530489600000
    },
    {
        "SUPPLIER_CODE":"009",
        "PURCH_DOC_NO":"PN900017",
        "PURCH_DATE":1530489600000
    },
    {
        "SUPPLIER_CODE":"009",
        "PURCH_DOC_NO":"PN900018",
        "PURCH_DATE":1530489600000
    },
    {
        "SUPPLIER_CODE":"009",
        "PURCH_DOC_NO":"PN900019",
        "PURCH_DATE":1530489600000
    },
    {
        "SUPPLIER_CODE":"009",
        "PURCH_DOC_NO":"PN900020",
        "PURCH_DATE":1530489600000
    },
    {
        "SUPPLIER_CODE":"009",
        "PURCH_DOC_NO":"PN900021",
        "PURCH_DATE":1530489600000
    },
    {
        "SUPPLIER_CODE":"009",
        "PURCH_DOC_NO":"PN900022",
        "PURCH_DATE":1530489600000
    },
    {
        "SUPPLIER_CODE":"009",
        "PURCH_DOC_NO":"PN900023",
        "PURCH_DATE":1530489600000
    },
    {
        "SUPPLIER_CODE":"009",
        "PURCH_DOC_NO":"PN900024",
        "PURCH_DATE":1530489600000
    },
    {
        "SUPPLIER_CODE":"009",
        "PURCH_DOC_NO":"PN900025",
        "PURCH_DATE":1530489600000
    },
    {
        "SUPPLIER_CODE":"009",
        "PURCH_DOC_NO":"PN900026",
        "PURCH_DATE":1530489600000
    },
    {
        "SUPPLIER_CODE":"009",
        "PURCH_DOC_NO":"PN900027",
        "PURCH_DATE":1530489600000
    },
    {
        "SUPPLIER_CODE":"009",
        "PURCH_DOC_NO":"PN900028",
        "PURCH_DATE":1530489600000
    },
    {
        "SUPPLIER_CODE":"009",
        "PURCH_DOC_NO":"PN900029",
        "PURCH_DATE":1530489600000
    },
    {
        "SUPPLIER_CODE":"009",
        "PURCH_DOC_NO":"PN900030",
        "PURCH_DATE":1530489600000
    },
    {
        "SUPPLIER_CODE":"009",
        "PURCH_DOC_NO":"PN900031",
        "PURCH_DATE":1531353600000
    },
    {
        "SUPPLIER_CODE":"014",
        "PURCH_DOC_NO":"PN900033",
        "PURCH_DATE":1551225600000
    },
    {
        "SUPPLIER_CODE":"014",
        "PURCH_DOC_NO":"PN900034",
        "PURCH_DATE":1551225600000
    },
    {
        "SUPPLIER_CODE":"014",
        "PURCH_DOC_NO":"PN900035",
        "PURCH_DATE":1551225600000
    },
    {
        "SUPPLIER_CODE":"014",
        "PURCH_DOC_NO":"PN900036",
        "PURCH_DATE":1551225600000
    },
    {
        "SUPPLIER_CODE":"014",
        "PURCH_DOC_NO":"PN900037",
        "PURCH_DATE":1551225600000
    },
    {
        "SUPPLIER_CODE":"014",
        "PURCH_DOC_NO":"PN900038",
        "PURCH_DATE":1551225600000
    },
    {
        "SUPPLIER_CODE":"014",
        "PURCH_DOC_NO":"PN900039",
        "PURCH_DATE":1551225600000
    },
    {
        "SUPPLIER_CODE":"014",
        "PURCH_DOC_NO":"PN900040",
        "PURCH_DATE":1551225600000
    }
]