[
    {
        "CUSTOMER_NUMBER":"AACJ01",
        "PARAMETER":"Closed"
    },
    {
        "CUSTOMER_NUMBER":"AACJC1",
        "PARAMETER":"Closed"
    },
    {
        "CUSTOMER_NUMBER":"AACJC2",
        "PARAMETER":"Promotion"
    },
    {
        "CUSTOMER_NUMBER":"AAVN01",
        "PARAMETER":"Closed"
    },
    {
        "CUSTOMER_NUMBER":"ABLA01",
        "PARAMETER":"Closed"
    },
    {
        "CUSTOMER_NUMBER":"ABLE01",
        "PARAMETER":"Closed"
    },
    {
        "CUSTOMER_NUMBER":"ACHBC1",
        "PARAMETER":"Consignment"
    },
    {
        "CUSTOMER_NUMBER":"ACHBC1",
        "PARAMETER":"Promotional Stand"
    },
    {
        "CUSTOMER_NUMBER":"ACHVC1",
        "PARAMETER":"Consignment"
    },
    {
        "CUSTOMER_NUMBER":"ACHVOC",
        "PARAMETER":"Consignment"
    },
    {
        "CUSTOMER_NUMBER":"ACLS02",
        "PARAMETER":"Trading Account"
    },
    {
        "CUSTOMER_NUMBER":"ACLSC1",
        "PARAMETER":"Consignment"
    },
    {
        "CUSTOMER_NUMBER":"ACLSOC",
        "PARAMETER":"Closed"
    },
    {
        "CUSTOMER_NUMBER":"ADIMOC",
        "PARAMETER":"Consignment"
    },
    {
        "CUSTOMER_NUMBER":"AFRM03",
        "PARAMETER":"Closed"
    },
    {
        "CUSTOMER_NUMBER":"AFRMOC",
        "PARAMETER":"Consignment"
    },
    {
        "CUSTOMER_NUMBER":"AFRN01",
        "PARAMETER":"Closed"
    },
    {
        "CUSTOMER_NUMBER":"AFRN02",
        "PARAMETER":"Closed"
    },
    {
        "CUSTOMER_NUMBER":"AFRN05",
        "PARAMETER":"Trading Account"
    },
    {
        "CUSTOMER_NUMBER":"AFRNOC",
        "PARAMETER":"Consignment"
    },
    {
        "CUSTOMER_NUMBER":"AGRNC1",
        "PARAMETER":"Consignment"
    },
    {
        "CUSTOMER_NUMBER":"AGRY01",
        "PARAMETER":"Trading Account"
    },
    {
        "CUSTOMER_NUMBER":"AGRYCO",
        "PARAMETER":"Consignment"
    },
    {
        "CUSTOMER_NUMBER":"AGUROC",
        "PARAMETER":"Closed"
    },
    {
        "CUSTOMER_NUMBER":"AGUROC",
        "PARAMETER":"Consignment"
    },
    {
        "CUSTOMER_NUMBER":"AICR03",
        "PARAMETER":"Closed"
    },
    {
        "CUSTOMER_NUMBER":"AICR09",
        "PARAMETER":"Closed"
    },
    {
        "CUSTOMER_NUMBER":"AICRC1",
        "PARAMETER":"Consignment"
    },
    {
        "CUSTOMER_NUMBER":"AICROC",
        "PARAMETER":"Consignment"
    },
    {
        "CUSTOMER_NUMBER":"AKER02",
        "PARAMETER":"Closed"
    },
    {
        "CUSTOMER_NUMBER":"AKHN07",
        "PARAMETER":"Trading Account"
    },
    {
        "CUSTOMER_NUMBER":"AKHNC1",
        "PARAMETER":"Consignment"
    },
    {
        "CUSTOMER_NUMBER":"AKHNOC",
        "PARAMETER":"Consignment"
    },
    {
        "CUSTOMER_NUMBER":"AMARC1",
        "PARAMETER":"Consignment"
    },
    {
        "CUSTOMER_NUMBER":"AMI02",
        "PARAMETER":"Trading Account"
    },
    {
        "CUSTOMER_NUMBER":"AMIC1",
        "PARAMETER":"Consignment"
    },
    {
        "CUSTOMER_NUMBER":"AMIOC",
        "PARAMETER":"Closed"
    },
    {
        "CUSTOMER_NUMBER":"AMIOC",
        "PARAMETER":"Consignment"
    },
    {
        "CUSTOMER_NUMBER":"AMIOOC",
        "PARAMETER":"Consignment"
    },
    {
        "CUSTOMER_NUMBER":"AMKNOC",
        "PARAMETER":"Consignment"
    },
    {
        "CUSTOMER_NUMBER":"AREL03",
        "PARAMETER":"Closed"
    },
    {
        "CUSTOMER_NUMBER":"ARELCO",
        "PARAMETER":"Consignment"
    },
    {
        "CUSTOMER_NUMBER":"ARELWM",
        "PARAMETER":"Promotion"
    },
    {
        "CUSTOMER_NUMBER":"ASEPOC",
        "PARAMETER":"Consignment"
    },
    {
        "CUSTOMER_NUMBER":"ASHN01",
        "PARAMETER":"Trading Account"
    },
    {
        "CUSTOMER_NUMBER":"ASHNC1",
        "PARAMETER":"Consignment"
    },
    {
        "CUSTOMER_NUMBER":"ASHNC1",
        "PARAMETER":"Promotional Stand"
    },
    {
        "CUSTOMER_NUMBER":"ASHNOC",
        "PARAMETER":"Consignment"
    },
    {
        "CUSTOMER_NUMBER":"ASMROC",
        "PARAMETER":"Consignment"
    },
    {
        "CUSTOMER_NUMBER":"ASTL01",
        "PARAMETER":"Trading Account"
    },
    {
        "CUSTOMER_NUMBER":"ASTLC1",
        "PARAMETER":"Consignment"
    },
    {
        "CUSTOMER_NUMBER":"ASTLOC",
        "PARAMETER":"Closed"
    },
    {
        "CUSTOMER_NUMBER":"ASTN01",
        "PARAMETER":"Promotional Stand"
    },
    {
        "CUSTOMER_NUMBER":"ASTN07",
        "PARAMETER":"Closed"
    },
    {
        "CUSTOMER_NUMBER":"ASTNC1",
        "PARAMETER":"Promotional Stand"
    },
    {
        "CUSTOMER_NUMBER":"ASTNC2",
        "PARAMETER":"Consignment"
    },
    {
        "CUSTOMER_NUMBER":"ASTNC2",
        "PARAMETER":"Promotional Stand"
    },
    {
        "CUSTOMER_NUMBER":"ASTNC3",
        "PARAMETER":"Promotion"
    },
    {
        "CUSTOMER_NUMBER":"ASTNOC",
        "PARAMETER":"Closed"
    },
    {
        "CUSTOMER_NUMBER":"ATHT01",
        "PARAMETER":"Closed"
    },
    {
        "CUSTOMER_NUMBER":"ATYL02",
        "PARAMETER":"Closed"
    },
    {
        "CUSTOMER_NUMBER":"ATYLC1",
        "PARAMETER":"Consignment"
    },
    {
        "CUSTOMER_NUMBER":"ATYLC1",
        "PARAMETER":"Promotional Stand"
    },
    {
        "CUSTOMER_NUMBER":"BABR02",
        "PARAMETER":"Closed"
    },
    {
        "CUSTOMER_NUMBER":"BGAO01",
        "PARAMETER":"Closed"
    },
    {
        "CUSTOMER_NUMBER":"BHAEOC",
        "PARAMETER":"Promotional Stand"
    },
    {
        "CUSTOMER_NUMBER":"BJMOC",
        "PARAMETER":"Consignment"
    },
    {
        "CUSTOMER_NUMBER":"BJOI01",
        "PARAMETER":"Closed"
    },
    {
        "CUSTOMER_NUMBER":"BKOROC",
        "PARAMETER":"Consignment"
    },
    {
        "CUSTOMER_NUMBER":"BROA01",
        "PARAMETER":"Trading Account"
    },
    {
        "CUSTOMER_NUMBER":"BROA02",
        "PARAMETER":"Closed"
    },
    {
        "CUSTOMER_NUMBER":"BROAC1",
        "PARAMETER":"Consignment"
    },
    {
        "CUSTOMER_NUMBER":"BROAOC",
        "PARAMETER":"Consignment"
    },
    {
        "CUSTOMER_NUMBER":"BURA01",
        "PARAMETER":"Trading Account"
    },
    {
        "CUSTOMER_NUMBER":"BURAOC",
        "PARAMETER":"Consignment"
    },
    {
        "CUSTOMER_NUMBER":"CADOC1",
        "PARAMETER":"Promotional Stand"
    },
    {
        "CUSTOMER_NUMBER":"CADOOC",
        "PARAMETER":"Consignment"
    },
    {
        "CUSTOMER_NUMBER":"CADOOC",
        "PARAMETER":"Promotional Stand"
    },
    {
        "CUSTOMER_NUMBER":"CBAH01",
        "PARAMETER":"Closed"
    },
    {
        "CUSTOMER_NUMBER":"CBAH02",
        "PARAMETER":"Closed"
    },
    {
        "CUSTOMER_NUMBER":"CBUH01",
        "PARAMETER":"Trading Account"
    },
    {
        "CUSTOMER_NUMBER":"CBUH02",
        "PARAMETER":"Trading Account"
    },
    {
        "CUSTOMER_NUMBER":"CBUH03",
        "PARAMETER":"Closed"
    },
    {
        "CUSTOMER_NUMBER":"CBUH2C",
        "PARAMETER":"Closed"
    },
    {
        "CUSTOMER_NUMBER":"CBUH3C",
        "PARAMETER":"Closed"
    },
    {
        "CUSTOMER_NUMBER":"CBUHC1",
        "PARAMETER":"Consignment"
    },
    {
        "CUSTOMER_NUMBER":"CBUHC2",
        "PARAMETER":"Consignment"
    },
    {
        "CUSTOMER_NUMBER":"CBUHOC",
        "PARAMETER":"Closed"
    },
    {
        "CUSTOMER_NUMBER":"CKOKOC",
        "PARAMETER":"Consignment"
    },
    {
        "CUSTOMER_NUMBER":"CNIBCO",
        "PARAMETER":"Consignment"
    },
    {
        "CUSTOMER_NUMBER":"CNIHC1",
        "PARAMETER":"Consignment"
    },
    {
        "CUSTOMER_NUMBER":"CNIHCO",
        "PARAMETER":"Promotion"
    },
    {
        "CUSTOMER_NUMBER":"CNIHOC",
        "PARAMETER":"Consignment"
    },
    {
        "CUSTOMER_NUMBER":"COCHC2",
        "PARAMETER":"Consignment"
    },
    {
        "CUSTOMER_NUMBER":"COCHC3",
        "PARAMETER":"Consignment"
    },
    {
        "CUSTOMER_NUMBER":"COCHC4",
        "PARAMETER":"Consignment"
    },
    {
        "CUSTOMER_NUMBER":"COCHC5",
        "PARAMETER":"Promotion"
    },
    {
        "CUSTOMER_NUMBER":"COCHCO",
        "PARAMETER":"Consignment"
    },
    {
        "CUSTOMER_NUMBER":"COCHOC",
        "PARAMETER":"Consignment"
    },
    {
        "CUSTOMER_NUMBER":"CPAEOC",
        "PARAMETER":"Consignment"
    },
    {
        "CUSTOMER_NUMBER":"CSPEN1",
        "PARAMETER":"Consignment"
    },
    {
        "CUSTOMER_NUMBER":"CSPEN1",
        "PARAMETER":"Promotional Stand"
    },
    {
        "CUSTOMER_NUMBER":"CSPENT",
        "PARAMETER":"Consignment"
    },
    {
        "CUSTOMER_NUMBER":"CZOC01",
        "PARAMETER":"Closed"
    },
    {
        "CUSTOMER_NUMBER":"DBEW01",
        "PARAMETER":"Closed"
    },
    {
        "CUSTOMER_NUMBER":"DBOEC",
        "PARAMETER":"Consignment"
    },
    {
        "CUSTOMER_NUMBER":"DBOEC",
        "PARAMETER":"Promotional Stand"
    },
    {
        "CUSTOMER_NUMBER":"DBOEC1",
        "PARAMETER":"Consignment"
    },
    {
        "CUSTOMER_NUMBER":"DBOEC1",
        "PARAMETER":"Promotional Stand"
    },
    {
        "CUSTOMER_NUMBER":"DBUG02",
        "PARAMETER":"Closed"
    },
    {
        "CUSTOMER_NUMBER":"DDA01",
        "PARAMETER":"Trading Account"
    },
    {
        "CUSTOMER_NUMBER":"DDAAC1",
        "PARAMETER":"Promotion"
    },
    {
        "CUSTOMER_NUMBER":"DDAAOC",
        "PARAMETER":"Consignment"
    },
    {
        "CUSTOMER_NUMBER":"DFESOC",
        "PARAMETER":"Promotion"
    },
    {
        "CUSTOMER_NUMBER":"DGS01",
        "PARAMETER":"Closed"
    },
    {
        "CUSTOMER_NUMBER":"'DGSOC",
        "PARAMETER":"Consignment"
    },
    {
        "CUSTOMER_NUMBER":"DHYRC1",
        "PARAMETER":"Consignment"
    },
    {
        "CUSTOMER_NUMBER":"DHYRC1",
        "PARAMETER":"Promotional Stand"
    },
    {
        "CUSTOMER_NUMBER":"DHYRC2",
        "PARAMETER":"Consignment"
    },
    {
        "CUSTOMER_NUMBER":"DHYRC3",
        "PARAMETER":"Consignment"
    },
    {
        "CUSTOMER_NUMBER":"DHYRC3",
        "PARAMETER":"Promotional Stand"
    },
    {
        "CUSTOMER_NUMBER":"DHYRC4",
        "PARAMETER":"Consignment"
    },
    {
        "CUSTOMER_NUMBER":"DHYRC4",
        "PARAMETER":"Promotional Stand"
    },
    {
        "CUSTOMER_NUMBER":"DHYRC5",
        "PARAMETER":"Consignment"
    },
    {
        "CUSTOMER_NUMBER":"DHYRC6",
        "PARAMETER":"Consignment"
    },
    {
        "CUSTOMER_NUMBER":"DJAEOC",
        "PARAMETER":"Consignment"
    },
    {
        "CUSTOMER_NUMBER":"DLEWC1",
        "PARAMETER":"Promotional Stand"
    },
    {
        "CUSTOMER_NUMBER":"DMCO0C",
        "PARAMETER":"Consignment"
    },
    {
        "CUSTOMER_NUMBER":"DMCOC1",
        "PARAMETER":"Consignment"
    },
    {
        "CUSTOMER_NUMBER":"DMCOC2",
        "PARAMETER":"Consignment"
    },
    {
        "CUSTOMER_NUMBER":"DMCOC2",
        "PARAMETER":"Promotional Stand"
    },
    {
        "CUSTOMER_NUMBER":"DMEI01",
        "PARAMETER":"Trading Account"
    },
    {
        "CUSTOMER_NUMBER":"DMEI04",
        "PARAMETER":"Closed"
    },
    {
        "CUSTOMER_NUMBER":"DMEI09",
        "PARAMETER":"Closed"
    },
    {
        "CUSTOMER_NUMBER":"DMEI12",
        "PARAMETER":"Closed"
    },
    {
        "CUSTOMER_NUMBER":"DMEIC1",
        "PARAMETER":"Consignment"
    },
    {
        "CUSTOMER_NUMBER":"DMEIC1",
        "PARAMETER":"Promotional Stand"
    },
    {
        "CUSTOMER_NUMBER":"DMEIC2",
        "PARAMETER":"Promotional Stand"
    },
    {
        "CUSTOMER_NUMBER":"DMEIOC",
        "PARAMETER":"Closed"
    },
    {
        "CUSTOMER_NUMBER":"DMIR01",
        "PARAMETER":"Trading Account"
    },
    {
        "CUSTOMER_NUMBER":"DMIRC1",
        "PARAMETER":"Consignment"
    },
    {
        "CUSTOMER_NUMBER":"DMIROC",
        "PARAMETER":"Consignment"
    },
    {
        "CUSTOMER_NUMBER":"DRAUOC",
        "PARAMETER":"Consignment"
    },
    {
        "CUSTOMER_NUMBER":"DREDOC",
        "PARAMETER":"Consignment"
    },
    {
        "CUSTOMER_NUMBER":"DREDOC",
        "PARAMETER":"Promotion"
    },
    {
        "CUSTOMER_NUMBER":"DVIA01",
        "PARAMETER":"Trading Account"
    },
    {
        "CUSTOMER_NUMBER":"DVIAC1",
        "PARAMETER":"Promotional Stand"
    },
    {
        "CUSTOMER_NUMBER":"DVIAOC",
        "PARAMETER":"Consignment"
    },
    {
        "CUSTOMER_NUMBER":"DVIE01",
        "PARAMETER":"Closed"
    },
    {
        "CUSTOMER_NUMBER":"DVOAC1",
        "PARAMETER":"Closed"
    },
    {
        "CUSTOMER_NUMBER":"DVOAOC",
        "PARAMETER":"Closed"
    },
    {
        "CUSTOMER_NUMBER":"EALX03",
        "PARAMETER":"Trading Account"
    },
    {
        "CUSTOMER_NUMBER":"EALXC1",
        "PARAMETER":"Closed"
    },
    {
        "CUSTOMER_NUMBER":"EALXC2",
        "PARAMETER":"Consignment"
    },
    {
        "CUSTOMER_NUMBER":"EALXC2",
        "PARAMETER":"Promotional Stand"
    },
    {
        "CUSTOMER_NUMBER":"EALXOC",
        "PARAMETER":"Closed"
    },
    {
        "CUSTOMER_NUMBER":"EBLC01",
        "PARAMETER":"Closed"
    },
    {
        "CUSTOMER_NUMBER":"EBLW01",
        "PARAMETER":"Closed"
    },
    {
        "CUSTOMER_NUMBER":"EBLW02",
        "PARAMETER":"Closed"
    },
    {
        "CUSTOMER_NUMBER":"EBRE01",
        "PARAMETER":"Closed"
    },
    {
        "CUSTOMER_NUMBER":"EBRW01",
        "PARAMETER":"Closed"
    },
    {
        "CUSTOMER_NUMBER":"ECHTCO",
        "PARAMETER":"Consignment"
    },
    {
        "CUSTOMER_NUMBER":"ECOT01",
        "PARAMETER":"Closed"
    },
    {
        "CUSTOMER_NUMBER":"ECOTOC",
        "PARAMETER":"Consignment"
    },
    {
        "CUSTOMER_NUMBER":"ECRW01",
        "PARAMETER":"Closed"
    },
    {
        "CUSTOMER_NUMBER":"ECRWC1",
        "PARAMETER":"Closed"
    },
    {
        "CUSTOMER_NUMBER":"ECRWOC",
        "PARAMETER":"Closed"
    },
    {
        "CUSTOMER_NUMBER":"EDIPOC",
        "PARAMETER":"Consignment"
    },
    {
        "CUSTOMER_NUMBER":"EEDN01",
        "PARAMETER":"Closed"
    },
    {
        "CUSTOMER_NUMBER":"EEYB01",
        "PARAMETER":"Trading Account"
    },
    {
        "CUSTOMER_NUMBER":"EEYBOC",
        "PARAMETER":"Consignment"
    },
    {
        "CUSTOMER_NUMBER":"EEYC1",
        "PARAMETER":"Consignment"
    },
    {
        "CUSTOMER_NUMBER":"EEYCC2",
        "PARAMETER":"Closed"
    },
    {
        "CUSTOMER_NUMBER":"EEYCC3",
        "PARAMETER":"Consignment"
    },
    {
        "CUSTOMER_NUMBER":"EEYCC5",
        "PARAMETER":"Consignment"
    },
    {
        "CUSTOMER_NUMBER":"EEYCC6",
        "PARAMETER":"Consignment"
    },
    {
        "CUSTOMER_NUMBER":"EEYCOC",
        "PARAMETER":"Closed"
    },
    {
        "CUSTOMER_NUMBER":"EEYD01",
        "PARAMETER":"Closed"
    },
    {
        "CUSTOMER_NUMBER":"EEYE02",
        "PARAMETER":"Trading Account"
    },
    {
        "CUSTOMER_NUMBER":"EEYEXC",
        "PARAMETER":"Consignment"
    },
    {
        "CUSTOMER_NUMBER":"EEYLOC",
        "PARAMETER":"Closed"
    },
    {
        "CUSTOMER_NUMBER":"EEYLOC",
        "PARAMETER":"Consignment"
    },
    {
        "CUSTOMER_NUMBER":"EEYOC",
        "PARAMETER":"Consignment"
    },
    {
        "CUSTOMER_NUMBER":"EEYP",
        "PARAMETER":"Promotion"
    },
    {
        "CUSTOMER_NUMBER":"EEYPC2",
        "PARAMETER":"Consignment"
    },
    {
        "CUSTOMER_NUMBER":"EEYPRF",
        "PARAMETER":"Consignment"
    },
    {
        "CUSTOMER_NUMBER":"EEYPRF",
        "PARAMETER":"Promotional Stand"
    },
    {
        "CUSTOMER_NUMBER":"EEYTC1",
        "PARAMETER":"Consignment"
    },
    {
        "CUSTOMER_NUMBER":"EEYTC2",
        "PARAMETER":"Consignment"
    },
    {
        "CUSTOMER_NUMBER":"EEYTC3",
        "PARAMETER":"Consignment"
    },
    {
        "CUSTOMER_NUMBER":"EEYW01",
        "PARAMETER":"Closed"
    },
    {
        "CUSTOMER_NUMBER":"EEYW05",
        "PARAMETER":"Closed"
    },
    {
        "CUSTOMER_NUMBER":"EEYZ01",
        "PARAMETER":"Closed"
    },
    {
        "CUSTOMER_NUMBER":"EGRWC1",
        "PARAMETER":"Consignment"
    },
    {
        "CUSTOMER_NUMBER":"EGRWC1",
        "PARAMETER":"Promotional Stand"
    },
    {
        "CUSTOMER_NUMBER":"EGRWCO",
        "PARAMETER":"Consignment"
    },
    {
        "CUSTOMER_NUMBER":"EIDA01",
        "PARAMETER":"Closed"
    },
    {
        "CUSTOMER_NUMBER":"ENIMC1",
        "PARAMETER":"Consignment"
    },
    {
        "CUSTOMER_NUMBER":"ENIMOC",
        "PARAMETER":"Consignment"
    },
    {
        "CUSTOMER_NUMBER":"EOBRC0",
        "PARAMETER":"Consignment"
    },
    {
        "CUSTOMER_NUMBER":"EPERC1",
        "PARAMETER":"Consignment"
    },
    {
        "CUSTOMER_NUMBER":"EPERC2",
        "PARAMETER":"Consignment"
    },
    {
        "CUSTOMER_NUMBER":"EPERC2",
        "PARAMETER":"Promotional Stand"
    },
    {
        "CUSTOMER_NUMBER":"EPERC3",
        "PARAMETER":"Consignment"
    },
    {
        "CUSTOMER_NUMBER":"EPERC3",
        "PARAMETER":"Promotional Stand"
    },
    {
        "CUSTOMER_NUMBER":"EPEROC",
        "PARAMETER":"Closed"
    },
    {
        "CUSTOMER_NUMBER":"EPRT05",
        "PARAMETER":"Trading Account"
    },
    {
        "CUSTOMER_NUMBER":"EPRTC1",
        "PARAMETER":"Consignment"
    },
    {
        "CUSTOMER_NUMBER":"EPRTOC",
        "PARAMETER":"Consignment"
    },
    {
        "CUSTOMER_NUMBER":"EROT01",
        "PARAMETER":"Trading Account"
    },
    {
        "CUSTOMER_NUMBER":"EROTC1",
        "PARAMETER":"Promotional Stand"
    },
    {
        "CUSTOMER_NUMBER":"EROTOC",
        "PARAMETER":"Consignment"
    },
    {
        "CUSTOMER_NUMBER":"ESEB01",
        "PARAMETER":"Closed"
    },
    {
        "CUSTOMER_NUMBER":"ESEDC1",
        "PARAMETER":"Consignment"
    },
    {
        "CUSTOMER_NUMBER":"ESEDC1",
        "PARAMETER":"Promotional Stand"
    },
    {
        "CUSTOMER_NUMBER":"ESHR07",
        "PARAMETER":"Trading Account"
    },
    {
        "CUSTOMER_NUMBER":"ESHRC1",
        "PARAMETER":"Consignment"
    },
    {
        "CUSTOMER_NUMBER":"ESHRC2",
        "PARAMETER":"Consignment"
    },
    {
        "CUSTOMER_NUMBER":"ESHROC",
        "PARAMETER":"Consignment"
    },
    {
        "CUSTOMER_NUMBER":"ESIFC1",
        "PARAMETER":"Consignment"
    },
    {
        "CUSTOMER_NUMBER":"ESIFOC",
        "PARAMETER":"Consignment"
    },
    {
        "CUSTOMER_NUMBER":"ESP106",
        "PARAMETER":"Closed"
    },
    {
        "CUSTOMER_NUMBER":"ESP112",
        "PARAMETER":"Trading Account"
    },
    {
        "CUSTOMER_NUMBER":"ESP131",
        "PARAMETER":"Closed"
    },
    {
        "CUSTOMER_NUMBER":"ESP148",
        "PARAMETER":"Trading Account"
    },
    {
        "CUSTOMER_NUMBER":"ESP149",
        "PARAMETER":"Trading Account"
    },
    {
        "CUSTOMER_NUMBER":"ESPBEN",
        "PARAMETER":"Consignment"
    },
    {
        "CUSTOMER_NUMBER":"ESPBRI",
        "PARAMETER":"Consignment"
    },
    {
        "CUSTOMER_NUMBER":"ESPBRM",
        "PARAMETER":"Consignment"
    },
    {
        "CUSTOMER_NUMBER":"ESPC07",
        "PARAMETER":"Closed"
    },
    {
        "CUSTOMER_NUMBER":"ESPC08",
        "PARAMETER":"Closed"
    },
    {
        "CUSTOMER_NUMBER":"ESPC24",
        "PARAMETER":"Closed"
    },
    {
        "CUSTOMER_NUMBER":"ESPC27",
        "PARAMETER":"Closed"
    },
    {
        "CUSTOMER_NUMBER":"ESPC32",
        "PARAMETER":"Closed"
    },
    {
        "CUSTOMER_NUMBER":"ESPC37",
        "PARAMETER":"Closed"
    },
    {
        "CUSTOMER_NUMBER":"ESPC60",
        "PARAMETER":"Closed"
    },
    {
        "CUSTOMER_NUMBER":"ESPC68",
        "PARAMETER":"Trading Account"
    },
    {
        "CUSTOMER_NUMBER":"ESPC71",
        "PARAMETER":"Trading Account"
    },
    {
        "CUSTOMER_NUMBER":"ESPC72",
        "PARAMETER":"Closed"
    },
    {
        "CUSTOMER_NUMBER":"ESPC73",
        "PARAMETER":"Closed"
    },
    {
        "CUSTOMER_NUMBER":"ESPC75",
        "PARAMETER":"Closed"
    },
    {
        "CUSTOMER_NUMBER":"ESPC79",
        "PARAMETER":"Closed"
    },
    {
        "CUSTOMER_NUMBER":"ESPC97",
        "PARAMETER":"Closed"
    },
    {
        "CUSTOMER_NUMBER":"ESPCAV",
        "PARAMETER":"Consignment"
    },
    {
        "CUSTOMER_NUMBER":"ESPCBO",
        "PARAMETER":"Consignment"
    },
    {
        "CUSTOMER_NUMBER":"ESPCBS",
        "PARAMETER":"Consignment"
    },
    {
        "CUSTOMER_NUMBER":"ESPCC0",
        "PARAMETER":"Closed"
    },
    {
        "CUSTOMER_NUMBER":"ESPCC1",
        "PARAMETER":"Closed"
    },
    {
        "CUSTOMER_NUMBER":"ESPCC2",
        "PARAMETER":"Consignment"
    },
    {
        "CUSTOMER_NUMBER":"ESPCC3",
        "PARAMETER":"Closed"
    },
    {
        "CUSTOMER_NUMBER":"ESPCC4",
        "PARAMETER":"Consignment"
    },
    {
        "CUSTOMER_NUMBER":"ESPCC5",
        "PARAMETER":"Closed"
    },
    {
        "CUSTOMER_NUMBER":"ESPCC6",
        "PARAMETER":"Closed"
    },
    {
        "CUSTOMER_NUMBER":"ESPCC7",
        "PARAMETER":"Closed"
    },
    {
        "CUSTOMER_NUMBER":"ESPCC8",
        "PARAMETER":"Closed"
    },
    {
        "CUSTOMER_NUMBER":"ESPCC9",
        "PARAMETER":"Closed"
    },
    {
        "CUSTOMER_NUMBER":"ESPCCA",
        "PARAMETER":"Closed"
    },
    {
        "CUSTOMER_NUMBER":"ESPCCB",
        "PARAMETER":"Consignment"
    },
    {
        "CUSTOMER_NUMBER":"ESPCCC",
        "PARAMETER":"Consignment"
    },
    {
        "CUSTOMER_NUMBER":"ESPCCE",
        "PARAMETER":"Consignment"
    },
    {
        "CUSTOMER_NUMBER":"ESPCCG",
        "PARAMETER":"Closed"
    },
    {
        "CUSTOMER_NUMBER":"ESPCCI",
        "PARAMETER":"Consignment"
    },
    {
        "CUSTOMER_NUMBER":"ESPCCK",
        "PARAMETER":"Consignment"
    },
    {
        "CUSTOMER_NUMBER":"ESPCCL",
        "PARAMETER":"Consignment"
    },
    {
        "CUSTOMER_NUMBER":"ESPCCO",
        "PARAMETER":"Closed"
    },
    {
        "CUSTOMER_NUMBER":"ESPCCR",
        "PARAMETER":"Consignment"
    },
    {
        "CUSTOMER_NUMBER":"ESPCCS",
        "PARAMETER":"Consignment"
    },
    {
        "CUSTOMER_NUMBER":"ESPCCT",
        "PARAMETER":"Consignment"
    },
    {
        "CUSTOMER_NUMBER":"ESPCCV",
        "PARAMETER":"Consignment"
    },
    {
        "CUSTOMER_NUMBER":"ESPCCW",
        "PARAMETER":"Consignment"
    },
    {
        "CUSTOMER_NUMBER":"ESPCEG",
        "PARAMETER":"Consignment"
    },
    {
        "CUSTOMER_NUMBER":"ESPCEN",
        "PARAMETER":"Consignment"
    },
    {
        "CUSTOMER_NUMBER":"ESPCEN",
        "PARAMETER":"Promotional Stand"
    },
    {
        "CUSTOMER_NUMBER":"ESPCFR",
        "PARAMETER":"Consignment"
    },
    {
        "CUSTOMER_NUMBER":"ESPCGA",
        "PARAMETER":"Consignment"
    },
    {
        "CUSTOMER_NUMBER":"ESPCGE",
        "PARAMETER":"Consignment"
    },
    {
        "CUSTOMER_NUMBER":"ESPCGR",
        "PARAMETER":"Consignment"
    },
    {
        "CUSTOMER_NUMBER":"ESPCHM",
        "PARAMETER":"Consignment"
    },
    {
        "CUSTOMER_NUMBER":"ESPCHS",
        "PARAMETER":"Consignment"
    },
    {
        "CUSTOMER_NUMBER":"ESPCHS",
        "PARAMETER":"Promotional Stand"
    },
    {
        "CUSTOMER_NUMBER":"ESPCKE",
        "PARAMETER":"Closed"
    },
    {
        "CUSTOMER_NUMBER":"ESPCKI",
        "PARAMETER":"Closed"
    },
    {
        "CUSTOMER_NUMBER":"ESPCKN",
        "PARAMETER":"Consignment"
    },
    {
        "CUSTOMER_NUMBER":"ESPCKW",
        "PARAMETER":"Consignment"
    },
    {
        "CUSTOMER_NUMBER":"ESPCKY",
        "PARAMETER":"Consignment"
    },
    {
        "CUSTOMER_NUMBER":"ESPCLB",
        "PARAMETER":"Consignment"
    },
    {
        "CUSTOMER_NUMBER":"ESPCM1",
        "PARAMETER":"Closed"
    },
    {
        "CUSTOMER_NUMBER":"ESPCMK",
        "PARAMETER":"Consignment"
    },
    {
        "CUSTOMER_NUMBER":"ESPCMM",
        "PARAMETER":"Consignment"
    },
    {
        "CUSTOMER_NUMBER":"ESPCMO",
        "PARAMETER":"Consignment"
    },
    {
        "CUSTOMER_NUMBER":"ESPCMS",
        "PARAMETER":"Promotional Stand"
    },
    {
        "CUSTOMER_NUMBER":"ESPCN1",
        "PARAMETER":"Consignment"
    },
    {
        "CUSTOMER_NUMBER":"ESPCNL",
        "PARAMETER":"Consignment"
    },
    {
        "CUSTOMER_NUMBER":"ESPCNL",
        "PARAMETER":"Promotional Stand"
    },
    {
        "CUSTOMER_NUMBER":"ESPCOC",
        "PARAMETER":"Closed"
    },
    {
        "CUSTOMER_NUMBER":"ESPCPA",
        "PARAMETER":"Consignment"
    },
    {
        "CUSTOMER_NUMBER":"ESPCPB",
        "PARAMETER":"Consignment"
    },
    {
        "CUSTOMER_NUMBER":"ESPCPS",
        "PARAMETER":"Consignment"
    },
    {
        "CUSTOMER_NUMBER":"ESPCRA",
        "PARAMETER":"Consignment"
    },
    {
        "CUSTOMER_NUMBER":"ESPCSG",
        "PARAMETER":"Consignment"
    },
    {
        "CUSTOMER_NUMBER":"ESPCSO",
        "PARAMETER":"Closed"
    },
    {
        "CUSTOMER_NUMBER":"ESPCSP",
        "PARAMETER":"Consignment"
    },
    {
        "CUSTOMER_NUMBER":"ESPCSP",
        "PARAMETER":"Promotional Stand"
    },
    {
        "CUSTOMER_NUMBER":"ESPCST",
        "PARAMETER":"Consignment"
    },
    {
        "CUSTOMER_NUMBER":"ESPCSW",
        "PARAMETER":"Closed"
    },
    {
        "CUSTOMER_NUMBER":"ESPCTB",
        "PARAMETER":"Closed"
    },
    {
        "CUSTOMER_NUMBER":"ESPCTC",
        "PARAMETER":"Consignment"
    },
    {
        "CUSTOMER_NUMBER":"ESPCTG",
        "PARAMETER":"Consignment"
    },
    {
        "CUSTOMER_NUMBER":"ESPCTL",
        "PARAMETER":"Closed"
    },
    {
        "CUSTOMER_NUMBER":"ESPCTS",
        "PARAMETER":"Consignment"
    },
    {
        "CUSTOMER_NUMBER":"ESPCTV",
        "PARAMETER":"Consignment"
    },
    {
        "CUSTOMER_NUMBER":"ESPCVH",
        "PARAMETER":"Consignment"
    },
    {
        "CUSTOMER_NUMBER":"ESPCW",
        "PARAMETER":"Consignment"
    },
    {
        "CUSTOMER_NUMBER":"ESPCWB",
        "PARAMETER":"Consignment"
    },
    {
        "CUSTOMER_NUMBER":"ESPCWE",
        "PARAMETER":"Closed"
    },
    {
        "CUSTOMER_NUMBER":"ESPCWK",
        "PARAMETER":"Consignment"
    },
    {
        "CUSTOMER_NUMBER":"ESPCWM",
        "PARAMETER":"Consignment"
    },
    {
        "CUSTOMER_NUMBER":"ESPGRA",
        "PARAMETER":"Consignment"
    },
    {
        "CUSTOMER_NUMBER":"ESPGRA",
        "PARAMETER":"Promotional Stand"
    },
    {
        "CUSTOMER_NUMBER":"ESPHMS",
        "PARAMETER":"Consignment"
    },
    {
        "CUSTOMER_NUMBER":"ESPKNY",
        "PARAMETER":"Consignment"
    },
    {
        "CUSTOMER_NUMBER":"ESPKNY",
        "PARAMETER":"Promotional Stand"
    },
    {
        "CUSTOMER_NUMBER":"ESPKO",
        "PARAMETER":"Consignment"
    },
    {
        "CUSTOMER_NUMBER":"ESPLIN",
        "PARAMETER":"Consignment"
    },
    {
        "CUSTOMER_NUMBER":"ESPNEL",
        "PARAMETER":"Consignment"
    },
    {
        "CUSTOMER_NUMBER":"ESPP14",
        "PARAMETER":"Consignment"
    },
    {
        "CUSTOMER_NUMBER":"ESPPBB",
        "PARAMETER":"Consignment"
    },
    {
        "CUSTOMER_NUMBER":"ESPPBB",
        "PARAMETER":"Promotional Stand"
    },
    {
        "CUSTOMER_NUMBER":"ESPSG1",
        "PARAMETER":"Consignment"
    },
    {
        "CUSTOMER_NUMBER":"ESPSOM",
        "PARAMETER":"Consignment"
    },
    {
        "CUSTOMER_NUMBER":"ESPSP1",
        "PARAMETER":"Consignment"
    },
    {
        "CUSTOMER_NUMBER":"ESPSP2",
        "PARAMETER":"Consignment"
    },
    {
        "CUSTOMER_NUMBER":"ESPSTL",
        "PARAMETER":"Consignment"
    },
    {
        "CUSTOMER_NUMBER":"ESPSWT",
        "PARAMETER":"Consignment"
    },
    {
        "CUSTOMER_NUMBER":"ESPTGV",
        "PARAMETER":"Consignment"
    },
    {
        "CUSTOMER_NUMBER":"ESPUTG",
        "PARAMETER":"Consignment"
    },
    {
        "CUSTOMER_NUMBER":"ESPUTG",
        "PARAMETER":"Promotional Stand"
    },
    {
        "CUSTOMER_NUMBER":"ESPVIS",
        "PARAMETER":"Consignment"
    },
    {
        "CUSTOMER_NUMBER":"ESPVIS",
        "PARAMETER":"Promotional Stand"
    },
    {
        "CUSTOMER_NUMBER":"ESTE01",
        "PARAMETER":"Trading Account"
    },
    {
        "CUSTOMER_NUMBER":"ESTEC1",
        "PARAMETER":"Consignment"
    },
    {
        "CUSTOMER_NUMBER":"ESTEC1",
        "PARAMETER":"Promotional Stand"
    },
    {
        "CUSTOMER_NUMBER":"ESTECO",
        "PARAMETER":"Consignment"
    },
    {
        "CUSTOMER_NUMBER":"ESTI01",
        "PARAMETER":"Closed"
    },
    {
        "CUSTOMER_NUMBER":"ESTIOC",
        "PARAMETER":"Consignment"
    },
    {
        "CUSTOMER_NUMBER":"ESTL01",
        "PARAMETER":"Closed"
    },
    {
        "CUSTOMER_NUMBER":"ESTPC1",
        "PARAMETER":"Consignment"
    },
    {
        "CUSTOMER_NUMBER":"ESTPOC",
        "PARAMETER":"Closed"
    },
    {
        "CUSTOMER_NUMBER":"ESTV01",
        "PARAMETER":"Closed"
    },
    {
        "CUSTOMER_NUMBER":"ETHE01",
        "PARAMETER":"Closed"
    },
    {
        "CUSTOMER_NUMBER":"ETHE02",
        "PARAMETER":"Closed"
    },
    {
        "CUSTOMER_NUMBER":"ETHE04",
        "PARAMETER":"Consignment"
    },
    {
        "CUSTOMER_NUMBER":"ETHL01",
        "PARAMETER":"Closed"
    },
    {
        "CUSTOMER_NUMBER":"EVIW01",
        "PARAMETER":"Trading Account"
    },
    {
        "CUSTOMER_NUMBER":"EVIWC1",
        "PARAMETER":"Consignment"
    },
    {
        "CUSTOMER_NUMBER":"EVIWC2",
        "PARAMETER":"Consignment"
    },
    {
        "CUSTOMER_NUMBER":"EVIWC2",
        "PARAMETER":"Promotional Stand"
    },
    {
        "CUSTOMER_NUMBER":"EVIWOC",
        "PARAMETER":"Closed"
    },
    {
        "CUSTOMER_NUMBER":"FMEC2",
        "PARAMETER":"Consignment"
    },
    {
        "CUSTOMER_NUMBER":"FMEOC",
        "PARAMETER":"Consignment"
    },
    {
        "CUSTOMER_NUMBER":"FMOF01",
        "PARAMETER":"Trading Account"
    },
    {
        "CUSTOMER_NUMBER":"FMOF06",
        "PARAMETER":"Closed"
    },
    {
        "CUSTOMER_NUMBER":"FMOFC1",
        "PARAMETER":"Consignment"
    },
    {
        "CUSTOMER_NUMBER":"FMOFC2",
        "PARAMETER":"Consignment"
    },
    {
        "CUSTOMER_NUMBER":"FMOFC2",
        "PARAMETER":"Promotional Stand"
    },
    {
        "CUSTOMER_NUMBER":"FMOFC3",
        "PARAMETER":"Consignment"
    },
    {
        "CUSTOMER_NUMBER":"FMOFC3",
        "PARAMETER":"Promotional Stand"
    },
    {
        "CUSTOMER_NUMBER":"FMOFC4",
        "PARAMETER":"Consignment"
    },
    {
        "CUSTOMER_NUMBER":"FMOFC5",
        "PARAMETER":"Consignment"
    },
    {
        "CUSTOMER_NUMBER":"FMOFC6",
        "PARAMETER":"Consignment"
    },
    {
        "CUSTOMER_NUMBER":"FMOFOC",
        "PARAMETER":"Closed"
    },
    {
        "CUSTOMER_NUMBER":"FMOFPM",
        "PARAMETER":"Consignment"
    },
    {
        "CUSTOMER_NUMBER":"FMOFPM",
        "PARAMETER":"Promotional Stand"
    },
    {
        "CUSTOMER_NUMBER":"GANL01",
        "PARAMETER":"Closed"
    },
    {
        "CUSTOMER_NUMBER":"GBEG01",
        "PARAMETER":"Closed"
    },
    {
        "CUSTOMER_NUMBER":"GEDACO",
        "PARAMETER":"Consignment"
    },
    {
        "CUSTOMER_NUMBER":"GEDACO",
        "PARAMETER":"Promotion"
    },
    {
        "CUSTOMER_NUMBER":"GEDEC1",
        "PARAMETER":"Consignment"
    },
    {
        "CUSTOMER_NUMBER":"GEDEOC",
        "PARAMETER":"Closed"
    },
    {
        "CUSTOMER_NUMBER":"GEGC1",
        "PARAMETER":"Consignment"
    },
    {
        "CUSTOMER_NUMBER":"GEGOC",
        "PARAMETER":"Closed"
    },
    {
        "CUSTOMER_NUMBER":"GHIH02",
        "PARAMETER":"Closed"
    },
    {
        "CUSTOMER_NUMBER":"GHIHOC",
        "PARAMETER":"Consignment"
    },
    {
        "CUSTOMER_NUMBER":"GMAA01",
        "PARAMETER":"Closed"
    },
    {
        "CUSTOMER_NUMBER":"GMEA01",
        "PARAMETER":"Closed"
    },
    {
        "CUSTOMER_NUMBER":"GMEA02",
        "PARAMETER":"Trading Account"
    },
    {
        "CUSTOMER_NUMBER":"GMEAC1",
        "PARAMETER":"Consignment"
    },
    {
        "CUSTOMER_NUMBER":"GMEACO",
        "PARAMETER":"Consignment"
    },
    {
        "CUSTOMER_NUMBER":"GMEAOC",
        "PARAMETER":"Consignment"
    },
    {
        "CUSTOMER_NUMBER":"GSAAOC",
        "PARAMETER":"Consignment"
    },
    {
        "CUSTOMER_NUMBER":"GWAC1",
        "PARAMETER":"Consignment"
    },
    {
        "CUSTOMER_NUMBER":"GWAN01",
        "PARAMETER":"Trading Account"
    },
    {
        "CUSTOMER_NUMBER":"HCOE01",
        "PARAMETER":"Closed"
    },
    {
        "CUSTOMER_NUMBER":"HISOC1",
        "PARAMETER":"Consignment"
    },
    {
        "CUSTOMER_NUMBER":"HISOC1",
        "PARAMETER":"Promotional Stand"
    },
    {
        "CUSTOMER_NUMBER":"HKAM01",
        "PARAMETER":"Closed"
    },
    {
        "CUSTOMER_NUMBER":"HKAM02",
        "PARAMETER":"Trading Account"
    },
    {
        "CUSTOMER_NUMBER":"HKAO4C",
        "PARAMETER":"Consignment"
    },
    {
        "CUSTOMER_NUMBER":"HMAA04",
        "PARAMETER":"Closed"
    },
    {
        "CUSTOMER_NUMBER":"HMAOOC",
        "PARAMETER":"Consignment"
    },
    {
        "CUSTOMER_NUMBER":"HMOL06",
        "PARAMETER":"Closed"
    },
    {
        "CUSTOMER_NUMBER":"HRAMFR",
        "PARAMETER":"Closed"
    },
    {
        "CUSTOMER_NUMBER":"HSCLOC",
        "PARAMETER":"Consignment"
    },
    {
        "CUSTOMER_NUMBER":"HSCN02",
        "PARAMETER":"Trading Account"
    },
    {
        "CUSTOMER_NUMBER":"HSCNC1",
        "PARAMETER":"Consignment"
    },
    {
        "CUSTOMER_NUMBER":"HSCNCO",
        "PARAMETER":"Consignment"
    },
    {
        "CUSTOMER_NUMBER":"HSCNOC",
        "PARAMETER":"Closed"
    },
    {
        "CUSTOMER_NUMBER":"HSCO02",
        "PARAMETER":"Trading Account"
    },
    {
        "CUSTOMER_NUMBER":"HSCOC1",
        "PARAMETER":"Consignment"
    },
    {
        "CUSTOMER_NUMBER":"HSCOC1",
        "PARAMETER":"Promotional Stand"
    },
    {
        "CUSTOMER_NUMBER":"HSCOC2",
        "PARAMETER":"Consignment"
    },
    {
        "CUSTOMER_NUMBER":"HSCOC2",
        "PARAMETER":"Promotional Stand"
    },
    {
        "CUSTOMER_NUMBER":"HSCOC3",
        "PARAMETER":"Consignment"
    },
    {
        "CUSTOMER_NUMBER":"HSCOOC",
        "PARAMETER":"Consignment"
    },
    {
        "CUSTOMER_NUMBER":"HTSAOC",
        "PARAMETER":"Consignment"
    },
    {
        "CUSTOMER_NUMBER":"HTSEC1",
        "PARAMETER":"Consignment"
    },
    {
        "CUSTOMER_NUMBER":"HTSEC1",
        "PARAMETER":"Promotional Stand"
    },
    {
        "CUSTOMER_NUMBER":"HTSECO",
        "PARAMETER":"Consignment"
    },
    {
        "CUSTOMER_NUMBER":"HTSEOC",
        "PARAMETER":"Consignment"
    },
    {
        "CUSTOMER_NUMBER":"HUML01",
        "PARAMETER":"Trading Account"
    },
    {
        "CUSTOMER_NUMBER":"HUMLOC",
        "PARAMETER":"Consignment"
    },
    {
        "CUSTOMER_NUMBER":"HUMLST",
        "PARAMETER":"Promotional Stand"
    },
    {
        "CUSTOMER_NUMBER":"HWALC1",
        "PARAMETER":"Consignment"
    },
    {
        "CUSTOMER_NUMBER":"HWALC2",
        "PARAMETER":"Consignment"
    },
    {
        "CUSTOMER_NUMBER":"HWALC2",
        "PARAMETER":"Promotional Stand"
    },
    {
        "CUSTOMER_NUMBER":"HZAEC1",
        "PARAMETER":"Consignment"
    },
    {
        "CUSTOMER_NUMBER":"HZAEC1",
        "PARAMETER":"Promotional Stand"
    },
    {
        "CUSTOMER_NUMBER":"IBEN01",
        "PARAMETER":"Closed"
    },
    {
        "CUSTOMER_NUMBER":"IBRD01",
        "PARAMETER":"Closed"
    },
    {
        "CUSTOMER_NUMBER":"IBRN01",
        "PARAMETER":"Closed"
    },
    {
        "CUSTOMER_NUMBER":"IDZNC1",
        "PARAMETER":"Consignment"
    },
    {
        "CUSTOMER_NUMBER":"IDZNC1",
        "PARAMETER":"Promotional Stand"
    },
    {
        "CUSTOMER_NUMBER":"IDZNC2",
        "PARAMETER":"Consignment"
    },
    {
        "CUSTOMER_NUMBER":"IERN03",
        "PARAMETER":"Trading Account"
    },
    {
        "CUSTOMER_NUMBER":"IERNC1",
        "PARAMETER":"Promotion"
    },
    {
        "CUSTOMER_NUMBER":"IERNOC",
        "PARAMETER":"Consignment"
    },
    {
        "CUSTOMER_NUMBER":"IFAROC",
        "PARAMETER":"Consignment"
    },
    {
        "CUSTOMER_NUMBER":"IFREC1",
        "PARAMETER":"Consignment"
    },
    {
        "CUSTOMER_NUMBER":"IFREOC",
        "PARAMETER":"Consignment"
    },
    {
        "CUSTOMER_NUMBER":"IHEN01",
        "PARAMETER":"Trading Account"
    },
    {
        "CUSTOMER_NUMBER":"IHENC1",
        "PARAMETER":"Consignment"
    },
    {
        "CUSTOMER_NUMBER":"IHENC2",
        "PARAMETER":"Closed"
    },
    {
        "CUSTOMER_NUMBER":"IHENC2",
        "PARAMETER":"Consignment"
    },
    {
        "CUSTOMER_NUMBER":"IHENCS",
        "PARAMETER":"Consignment"
    },
    {
        "CUSTOMER_NUMBER":"IHENCS",
        "PARAMETER":"Promotional Stand"
    },
    {
        "CUSTOMER_NUMBER":"IHENOC",
        "PARAMETER":"Consignment"
    },
    {
        "CUSTOMER_NUMBER":"IIJEC1",
        "PARAMETER":"Consignment"
    },
    {
        "CUSTOMER_NUMBER":"IIJEC1",
        "PARAMETER":"Promotional Stand"
    },
    {
        "CUSTOMER_NUMBER":"IKRE01",
        "PARAMETER":"Closed"
    },
    {
        "CUSTOMER_NUMBER":"IKRE02",
        "PARAMETER":"Closed"
    },
    {
        "CUSTOMER_NUMBER":"IKRE04",
        "PARAMETER":"Closed"
    },
    {
        "CUSTOMER_NUMBER":"IKRT01",
        "PARAMETER":"Closed"
    },
    {
        "CUSTOMER_NUMBER":"IMEE02",
        "PARAMETER":"Closed"
    },
    {
        "CUSTOMER_NUMBER":"IMER03",
        "PARAMETER":"Trading Account"
    },
    {
        "CUSTOMER_NUMBER":"IMERC1",
        "PARAMETER":"Consignment"
    },
    {
        "CUSTOMER_NUMBER":"IMERCO",
        "PARAMETER":"Promotion"
    },
    {
        "CUSTOMER_NUMBER":"IMEROC",
        "PARAMETER":"Consignment"
    },
    {
        "CUSTOMER_NUMBER":"INAD02",
        "PARAMETER":"Trading Account"
    },
    {
        "CUSTOMER_NUMBER":"INAD04",
        "PARAMETER":"Trading Account"
    },
    {
        "CUSTOMER_NUMBER":"INADC1",
        "PARAMETER":"Consignment"
    },
    {
        "CUSTOMER_NUMBER":"INADC2",
        "PARAMETER":"Closed"
    },
    {
        "CUSTOMER_NUMBER":"INADC3",
        "PARAMETER":"Promotional Stand"
    },
    {
        "CUSTOMER_NUMBER":"INADCO",
        "PARAMETER":"Consignment"
    },
    {
        "CUSTOMER_NUMBER":"INADOC",
        "PARAMETER":"Consignment"
    },
    {
        "CUSTOMER_NUMBER":"INADVM",
        "PARAMETER":"Consignment"
    },
    {
        "CUSTOMER_NUMBER":"IOLVC1",
        "PARAMETER":"Consignment"
    },
    {
        "CUSTOMER_NUMBER":"IONOOC",
        "PARAMETER":"Consignment"
    },
    {
        "CUSTOMER_NUMBER":"IPAG01",
        "PARAMETER":"Closed"
    },
    {
        "CUSTOMER_NUMBER":"IPAG01",
        "PARAMETER":"Trading Account"
    },
    {
        "CUSTOMER_NUMBER":"IPAG2C",
        "PARAMETER":"Consignment"
    },
    {
        "CUSTOMER_NUMBER":"IPAGC1",
        "PARAMETER":"Consignment"
    },
    {
        "CUSTOMER_NUMBER":"IPAGCO",
        "PARAMETER":"Consignment"
    },
    {
        "CUSTOMER_NUMBER":"IPAGOC",
        "PARAMETER":"Consignment"
    },
    {
        "CUSTOMER_NUMBER":"ISMTC1",
        "PARAMETER":"Consignment"
    },
    {
        "CUSTOMER_NUMBER":"ISMTOC",
        "PARAMETER":"Consignment"
    },
    {
        "CUSTOMER_NUMBER":"ISPL01",
        "PARAMETER":"Closed"
    },
    {
        "CUSTOMER_NUMBER":"ISPL02",
        "PARAMETER":"Trading Account"
    },
    {
        "CUSTOMER_NUMBER":"ISPLC1",
        "PARAMETER":"Consignment"
    },
    {
        "CUSTOMER_NUMBER":"ISPLCE",
        "PARAMETER":"Consignment"
    },
    {
        "CUSTOMER_NUMBER":"ISPLCE",
        "PARAMETER":"Promotional Stand"
    },
    {
        "CUSTOMER_NUMBER":"ISPLOC",
        "PARAMETER":"Closed"
    },
    {
        "CUSTOMER_NUMBER":"IWAN01",
        "PARAMETER":"Closed"
    },
    {
        "CUSTOMER_NUMBER":"IWEN01",
        "PARAMETER":"Closed"
    },
    {
        "CUSTOMER_NUMBER":"JSEAOC",
        "PARAMETER":"Consignment"
    },
    {
        "CUSTOMER_NUMBER":"KACE01",
        "PARAMETER":"Closed"
    },
    {
        "CUSTOMER_NUMBER":"KATI01",
        "PARAMETER":"Closed"
    },
    {
        "CUSTOMER_NUMBER":"KBAEC2",
        "PARAMETER":"Consignment"
    },
    {
        "CUSTOMER_NUMBER":"KBAEC2",
        "PARAMETER":"Promotional Stand"
    },
    {
        "CUSTOMER_NUMBER":"KDEAOC",
        "PARAMETER":"Consignment"
    },
    {
        "CUSTOMER_NUMBER":"KJAEC1",
        "PARAMETER":"Consignment"
    },
    {
        "CUSTOMER_NUMBER":"KJAEC1",
        "PARAMETER":"Promotional Stand"
    },
    {
        "CUSTOMER_NUMBER":"KKOSC1",
        "PARAMETER":"Consignment"
    },
    {
        "CUSTOMER_NUMBER":"KKOSC1",
        "PARAMETER":"Promotional Stand"
    },
    {
        "CUSTOMER_NUMBER":"KMAA02",
        "PARAMETER":"Trading Account"
    },
    {
        "CUSTOMER_NUMBER":"KMAA03",
        "PARAMETER":"Closed"
    },
    {
        "CUSTOMER_NUMBER":"KMAAC1",
        "PARAMETER":"Consignment"
    },
    {
        "CUSTOMER_NUMBER":"KMAACO",
        "PARAMETER":"Consignment"
    },
    {
        "CUSTOMER_NUMBER":"KMOH01",
        "PARAMETER":"Closed"
    },
    {
        "CUSTOMER_NUMBER":"KMOOC1",
        "PARAMETER":"Consignment"
    },
    {
        "CUSTOMER_NUMBER":"KMOOC1",
        "PARAMETER":"Promotional Stand"
    },
    {
        "CUSTOMER_NUMBER":"KOAS0C",
        "PARAMETER":"Closed"
    },
    {
        "CUSTOMER_NUMBER":"KOAS0C",
        "PARAMETER":"Consignment"
    },
    {
        "CUSTOMER_NUMBER":"KOSOOC",
        "PARAMETER":"Consignment"
    },
    {
        "CUSTOMER_NUMBER":"LALI02",
        "PARAMETER":"Closed"
    },
    {
        "CUSTOMER_NUMBER":"LBAL01",
        "PARAMETER":"Closed"
    },
    {
        "CUSTOMER_NUMBER":"LBAT01",
        "PARAMETER":"Closed"
    },
    {
        "CUSTOMER_NUMBER":"LBOL01",
        "PARAMETER":"Closed"
    },
    {
        "CUSTOMER_NUMBER":"LELEOC",
        "PARAMETER":"Consignment"
    },
    {
        "CUSTOMER_NUMBER":"LFECO",
        "PARAMETER":"Consignment"
    },
    {
        "CUSTOMER_NUMBER":"LFIAOC",
        "PARAMETER":"Consignment"
    },
    {
        "CUSTOMER_NUMBER":"LGIE01",
        "PARAMETER":"Closed"
    },
    {
        "CUSTOMER_NUMBER":"LGIEOC",
        "PARAMETER":"Closed"
    },
    {
        "CUSTOMER_NUMBER":"LGIEOC",
        "PARAMETER":"Consignment"
    },
    {
        "CUSTOMER_NUMBER":"LHOLCO",
        "PARAMETER":"Consignment"
    },
    {
        "CUSTOMER_NUMBER":"LLAU01",
        "PARAMETER":"Closed"
    },
    {
        "CUSTOMER_NUMBER":"LMAAC1",
        "PARAMETER":"Consignment"
    },
    {
        "CUSTOMER_NUMBER":"LMAAOC",
        "PARAMETER":"Consignment"
    },
    {
        "CUSTOMER_NUMBER":"LMEL06",
        "PARAMETER":"Promotional Stand"
    },
    {
        "CUSTOMER_NUMBER":"LMELC1",
        "PARAMETER":"Consignment"
    },
    {
        "CUSTOMER_NUMBER":"LMELC2",
        "PARAMETER":"Promotion"
    },
    {
        "CUSTOMER_NUMBER":"LMELC2",
        "PARAMETER":"Promotional Stand"
    },
    {
        "CUSTOMER_NUMBER":"LMELC3",
        "PARAMETER":"Closed"
    },
    {
        "CUSTOMER_NUMBER":"LMELC3",
        "PARAMETER":"Consignment"
    },
    {
        "CUSTOMER_NUMBER":"LMELC4",
        "PARAMETER":"Promotional Stand"
    },
    {
        "CUSTOMER_NUMBER":"LMELC5",
        "PARAMETER":"Consignment"
    },
    {
        "CUSTOMER_NUMBER":"LMELC5",
        "PARAMETER":"Promotional Stand"
    },
    {
        "CUSTOMER_NUMBER":"LMELC6",
        "PARAMETER":"Consignment"
    },
    {
        "CUSTOMER_NUMBER":"LMELC6",
        "PARAMETER":"Promotional Stand"
    },
    {
        "CUSTOMER_NUMBER":"LMELC7",
        "PARAMETER":"Consignment"
    },
    {
        "CUSTOMER_NUMBER":"LMELC7",
        "PARAMETER":"Promotional Stand"
    },
    {
        "CUSTOMER_NUMBER":"LMELOC",
        "PARAMETER":"Closed"
    },
    {
        "CUSTOMER_NUMBER":"LMEVOC",
        "PARAMETER":"Consignment"
    },
    {
        "CUSTOMER_NUMBER":"LMOD01",
        "PARAMETER":"Closed"
    },
    {
        "CUSTOMER_NUMBER":"LMODOC",
        "PARAMETER":"Consignment"
    },
    {
        "CUSTOMER_NUMBER":"LMUL10",
        "PARAMETER":"Closed"
    },
    {
        "CUSTOMER_NUMBER":"LNEOC",
        "PARAMETER":"Consignment"
    },
    {
        "CUSTOMER_NUMBER":"LPIL04",
        "PARAMETER":"Closed"
    },
    {
        "CUSTOMER_NUMBER":"LSAE01",
        "PARAMETER":"Closed"
    },
    {
        "CUSTOMER_NUMBER":"LSAE06",
        "PARAMETER":"Consignment"
    },
    {
        "CUSTOMER_NUMBER":"LSOEC3",
        "PARAMETER":"Consignment"
    },
    {
        "CUSTOMER_NUMBER":"LSOEC3",
        "PARAMETER":"Promotional Stand"
    },
    {
        "CUSTOMER_NUMBER":"LSOEOC",
        "PARAMETER":"Consignment"
    },
    {
        "CUSTOMER_NUMBER":"LSOEPR",
        "PARAMETER":"Promotion"
    },
    {
        "CUSTOMER_NUMBER":"LSOO01",
        "PARAMETER":"Trading Account"
    },
    {
        "CUSTOMER_NUMBER":"LSOOC1",
        "PARAMETER":"Consignment"
    },
    {
        "CUSTOMER_NUMBER":"LSOOOC",
        "PARAMETER":"Closed"
    },
    {
        "CUSTOMER_NUMBER":"LTIL01",
        "PARAMETER":"Trading Account"
    },
    {
        "CUSTOMER_NUMBER":"LTILCO",
        "PARAMETER":"Consignment"
    },
    {
        "CUSTOMER_NUMBER":"LTILOC",
        "PARAMETER":"Consignment"
    },
    {
        "CUSTOMER_NUMBER":"LTILOC",
        "PARAMETER":"Promotional Stand"
    },
    {
        "CUSTOMER_NUMBER":"LVAJC1",
        "PARAMETER":"Consignment"
    },
    {
        "CUSTOMER_NUMBER":"LVIL01",
        "PARAMETER":"Closed"
    },
    {
        "CUSTOMER_NUMBER":"LVIL02",
        "PARAMETER":"Trading Account"
    },
    {
        "CUSTOMER_NUMBER":"LVILC1",
        "PARAMETER":"Consignment"
    },
    {
        "CUSTOMER_NUMBER":"LVILOC",
        "PARAMETER":"Closed"
    },
    {
        "CUSTOMER_NUMBER":"LWAS01",
        "PARAMETER":"Closed"
    },
    {
        "CUSTOMER_NUMBER":"LWIC01",
        "PARAMETER":"Closed"
    },
    {
        "CUSTOMER_NUMBER":"LWIK02",
        "PARAMETER":"Closed"
    },
    {
        "CUSTOMER_NUMBER":"LWIL02",
        "PARAMETER":"Closed"
    },
    {
        "CUSTOMER_NUMBER":"LWIL03",
        "PARAMETER":"Closed"
    },
    {
        "CUSTOMER_NUMBER":"LWIS01",
        "PARAMETER":"Closed"
    },
    {
        "CUSTOMER_NUMBER":"MASAC1",
        "PARAMETER":"Consignment"
    },
    {
        "CUSTOMER_NUMBER":"MASAC1",
        "PARAMETER":"Promotional Stand"
    },
    {
        "CUSTOMER_NUMBER":"MASAOC",
        "PARAMETER":"Consignment"
    },
    {
        "CUSTOMER_NUMBER":"MCAPC1",
        "PARAMETER":"Consignment"
    },
    {
        "CUSTOMER_NUMBER":"MCOA01",
        "PARAMETER":"Closed"
    },
    {
        "CUSTOMER_NUMBER":"MFEIOC",
        "PARAMETER":"Consignment"
    },
    {
        "CUSTOMER_NUMBER":"MGACO",
        "PARAMETER":"Consignment"
    },
    {
        "CUSTOMER_NUMBER":"MGACO",
        "PARAMETER":"Promotional Stand"
    },
    {
        "CUSTOMER_NUMBER":"MGAS01",
        "PARAMETER":"Trading Account"
    },
    {
        "CUSTOMER_NUMBER":"MLECO",
        "PARAMETER":"Consignment"
    },
    {
        "CUSTOMER_NUMBER":"MLEN01",
        "PARAMETER":"Trading Account"
    },
    {
        "CUSTOMER_NUMBER":"MLOBC1",
        "PARAMETER":"Consignment"
    },
    {
        "CUSTOMER_NUMBER":"MMOEC1",
        "PARAMETER":"Consignment"
    },
    {
        "CUSTOMER_NUMBER":"MMOEC1",
        "PARAMETER":"Promotional Stand"
    },
    {
        "CUSTOMER_NUMBER":"MNAI01",
        "PARAMETER":"Closed"
    },
    {
        "CUSTOMER_NUMBER":"MOSAOC",
        "PARAMETER":"Consignment"
    },
    {
        "CUSTOMER_NUMBER":"MRAKOC",
        "PARAMETER":"Closed"
    },
    {
        "CUSTOMER_NUMBER":"MRAU01",
        "PARAMETER":"Closed"
    },
    {
        "CUSTOMER_NUMBER":"MSAW01",
        "PARAMETER":"Trading Account"
    },
    {
        "CUSTOMER_NUMBER":"MSAW02",
        "PARAMETER":"Trading Account"
    },
    {
        "CUSTOMER_NUMBER":"MSAWC1",
        "PARAMETER":"Consignment"
    },
    {
        "CUSTOMER_NUMBER":"MSAWC1",
        "PARAMETER":"Promotional Stand"
    },
    {
        "CUSTOMER_NUMBER":"MSAWC2",
        "PARAMETER":"Consignment"
    },
    {
        "CUSTOMER_NUMBER":"NBEM01",
        "PARAMETER":"Closed"
    },
    {
        "CUSTOMER_NUMBER":"NBET01",
        "PARAMETER":"Closed"
    },
    {
        "CUSTOMER_NUMBER":"NBOD01",
        "PARAMETER":"Closed"
    },
    {
        "CUSTOMER_NUMBER":"NBOT01",
        "PARAMETER":"Closed"
    },
    {
        "CUSTOMER_NUMBER":"NBOT02",
        "PARAMETER":"Closed"
    },
    {
        "CUSTOMER_NUMBER":"NBOT03",
        "PARAMETER":"Closed"
    },
    {
        "CUSTOMER_NUMBER":"NCOS01",
        "PARAMETER":"Closed"
    },
    {
        "CUSTOMER_NUMBER":"NCOS02",
        "PARAMETER":"Consignment"
    },
    {
        "CUSTOMER_NUMBER":"NDUD01",
        "PARAMETER":"Closed"
    },
    {
        "CUSTOMER_NUMBER":"NJIAC1",
        "PARAMETER":"Consignment"
    },
    {
        "CUSTOMER_NUMBER":"NJIAC1",
        "PARAMETER":"Promotional Stand"
    },
    {
        "CUSTOMER_NUMBER":"NJOE03",
        "PARAMETER":"Closed"
    },
    {
        "CUSTOMER_NUMBER":"NKEYOC",
        "PARAMETER":"Consignment"
    },
    {
        "CUSTOMER_NUMBER":"NKIGOC",
        "PARAMETER":"Consignment"
    },
    {
        "CUSTOMER_NUMBER":"NKOQ01",
        "PARAMETER":"Trading Account"
    },
    {
        "CUSTOMER_NUMBER":"NKOQC1",
        "PARAMETER":"Consignment"
    },
    {
        "CUSTOMER_NUMBER":"NKOQOC",
        "PARAMETER":"Closed"
    },
    {
        "CUSTOMER_NUMBER":"NLIK01",
        "PARAMETER":"Closed"
    },
    {
        "CUSTOMER_NUMBER":"NMAA02",
        "PARAMETER":"Closed"
    },
    {
        "CUSTOMER_NUMBER":"NMAOC1",
        "PARAMETER":"Consignment"
    },
    {
        "CUSTOMER_NUMBER":"NMAOCC",
        "PARAMETER":"Consignment"
    },
    {
        "CUSTOMER_NUMBER":"NMAOOC",
        "PARAMETER":"Consignment"
    },
    {
        "CUSTOMER_NUMBER":"NMESOC",
        "PARAMETER":"Consignment"
    },
    {
        "CUSTOMER_NUMBER":"NMIG01",
        "PARAMETER":"Closed"
    },
    {
        "CUSTOMER_NUMBER":"NMIGC1",
        "PARAMETER":"Consignment"
    },
    {
        "CUSTOMER_NUMBER":"NMIGC2",
        "PARAMETER":"Consignment"
    },
    {
        "CUSTOMER_NUMBER":"NMIGC2",
        "PARAMETER":"Promotional Stand"
    },
    {
        "CUSTOMER_NUMBER":"NMOEOC",
        "PARAMETER":"Consignment"
    },
    {
        "CUSTOMER_NUMBER":"NPINC1",
        "PARAMETER":"Consignment"
    },
    {
        "CUSTOMER_NUMBER":"NRADC1",
        "PARAMETER":"Consignment"
    },
    {
        "CUSTOMER_NUMBER":"NRADOC",
        "PARAMETER":"Consignment"
    },
    {
        "CUSTOMER_NUMBER":"NRASC1",
        "PARAMETER":"Consignment"
    },
    {
        "CUSTOMER_NUMBER":"NSADOC",
        "PARAMETER":"Consignment"
    },
    {
        "CUSTOMER_NUMBER":"NSUC01",
        "PARAMETER":"Closed"
    },
    {
        "CUSTOMER_NUMBER":"NSUC10",
        "PARAMETER":"Promotion"
    },
    {
        "CUSTOMER_NUMBER":"NSUERM",
        "PARAMETER":"Consignment"
    },
    {
        "CUSTOMER_NUMBER":"NSUERM",
        "PARAMETER":"Promotional Stand"
    },
    {
        "CUSTOMER_NUMBER":"NSUEYE",
        "PARAMETER":"Consignment"
    },
    {
        "CUSTOMER_NUMBER":"NSUEYE",
        "PARAMETER":"Promotional Stand"
    },
    {
        "CUSTOMER_NUMBER":"NSUG02",
        "PARAMETER":"Closed"
    },
    {
        "CUSTOMER_NUMBER":"NSUG11",
        "PARAMETER":"Trading Account"
    },
    {
        "CUSTOMER_NUMBER":"NSUG17",
        "PARAMETER":"Closed"
    },
    {
        "CUSTOMER_NUMBER":"NSUG4U",
        "PARAMETER":"Promotional Stand"
    },
    {
        "CUSTOMER_NUMBER":"NSUGC1",
        "PARAMETER":"Promotional Stand"
    },
    {
        "CUSTOMER_NUMBER":"NSUGC2",
        "PARAMETER":"Promotional Stand"
    },
    {
        "CUSTOMER_NUMBER":"NSUGC4",
        "PARAMETER":"Closed"
    },
    {
        "CUSTOMER_NUMBER":"NSUGC5",
        "PARAMETER":"Consignment"
    },
    {
        "CUSTOMER_NUMBER":"NSUGC5",
        "PARAMETER":"Promotional Stand"
    },
    {
        "CUSTOMER_NUMBER":"NSUGC7",
        "PARAMETER":"Closed"
    },
    {
        "CUSTOMER_NUMBER":"NSUGC8",
        "PARAMETER":"Consignment"
    },
    {
        "CUSTOMER_NUMBER":"NSUGC9",
        "PARAMETER":"Promotion"
    },
    {
        "CUSTOMER_NUMBER":"NSUGEG",
        "PARAMETER":"Consignment"
    },
    {
        "CUSTOMER_NUMBER":"NSUGEG",
        "PARAMETER":"Promotional Stand"
    },
    {
        "CUSTOMER_NUMBER":"NSUGHT",
        "PARAMETER":"Consignment"
    },
    {
        "CUSTOMER_NUMBER":"NSUGME",
        "PARAMETER":"Promotional Stand"
    },
    {
        "CUSTOMER_NUMBER":"NSUGOC",
        "PARAMETER":"Consignment"
    },
    {
        "CUSTOMER_NUMBER":"NSUGSZ",
        "PARAMETER":"Consignment"
    },
    {
        "CUSTOMER_NUMBER":"NSUGZS",
        "PARAMETER":"Consignment"
    },
    {
        "CUSTOMER_NUMBER":"NSUGZS",
        "PARAMETER":"Promotional Stand"
    },
    {
        "CUSTOMER_NUMBER":"NSUN01",
        "PARAMETER":"Closed"
    },
    {
        "CUSTOMER_NUMBER":"NSUO03",
        "PARAMETER":"Closed"
    },
    {
        "CUSTOMER_NUMBER":"NSUOOC",
        "PARAMETER":"Closed"
    },
    {
        "CUSTOMER_NUMBER":"NSUOPT",
        "PARAMETER":"Consignment"
    },
    {
        "CUSTOMER_NUMBER":"NSUS08",
        "PARAMETER":"Closed"
    },
    {
        "CUSTOMER_NUMBER":"NSUSC1",
        "PARAMETER":"Consignment"
    },
    {
        "CUSTOMER_NUMBER":"NSUSOC",
        "PARAMETER":"Closed"
    },
    {
        "CUSTOMER_NUMBER":"NSUWR1",
        "PARAMETER":"Consignment"
    },
    {
        "CUSTOMER_NUMBER":"NVAA01",
        "PARAMETER":"Closed"
    },
    {
        "CUSTOMER_NUMBER":"NVABC1",
        "PARAMETER":"Promotion"
    },
    {
        "CUSTOMER_NUMBER":"NVABCO",
        "PARAMETER":"Consignment"
    },
    {
        "CUSTOMER_NUMBER":"NVABOC",
        "PARAMETER":"Closed"
    },
    {
        "CUSTOMER_NUMBER":"NVAD02",
        "PARAMETER":"Closed"
    },
    {
        "CUSTOMER_NUMBER":"NVAD04",
        "PARAMETER":"Closed"
    },
    {
        "CUSTOMER_NUMBER":"NVAD08",
        "PARAMETER":"Closed"
    },
    {
        "CUSTOMER_NUMBER":"NVAG02",
        "PARAMETER":"Closed"
    },
    {
        "CUSTOMER_NUMBER":"NVAG03",
        "PARAMETER":"Trading Account"
    },
    {
        "CUSTOMER_NUMBER":"NVAG04",
        "PARAMETER":"Trading Account"
    },
    {
        "CUSTOMER_NUMBER":"NVAGC1",
        "PARAMETER":"Consignment"
    },
    {
        "CUSTOMER_NUMBER":"NVAGC2",
        "PARAMETER":"Consignment"
    },
    {
        "CUSTOMER_NUMBER":"NVAGOC",
        "PARAMETER":"Closed"
    },
    {
        "CUSTOMER_NUMBER":"NVAM01",
        "PARAMETER":"Closed"
    },
    {
        "CUSTOMER_NUMBER":"NVAN01",
        "PARAMETER":"Trading Account"
    },
    {
        "CUSTOMER_NUMBER":"NVAN02",
        "PARAMETER":"Closed"
    },
    {
        "CUSTOMER_NUMBER":"NVAN03",
        "PARAMETER":"Closed"
    },
    {
        "CUSTOMER_NUMBER":"NVANC1",
        "PARAMETER":"Consignment"
    },
    {
        "CUSTOMER_NUMBER":"NVANOC",
        "PARAMETER":"Consignment"
    },
    {
        "CUSTOMER_NUMBER":"NVAR02",
        "PARAMETER":"Closed"
    },
    {
        "CUSTOMER_NUMBER":"NVAR09",
        "PARAMETER":"Trading Account"
    },
    {
        "CUSTOMER_NUMBER":"NVARC1",
        "PARAMETER":"Closed"
    },
    {
        "CUSTOMER_NUMBER":"NVARC2",
        "PARAMETER":"Consignment"
    },
    {
        "CUSTOMER_NUMBER":"NVARCO",
        "PARAMETER":"Consignment"
    },
    {
        "CUSTOMER_NUMBER":"NVAROC",
        "PARAMETER":"Closed"
    },
    {
        "CUSTOMER_NUMBER":"NVAS01",
        "PARAMETER":"Closed"
    },
    {
        "CUSTOMER_NUMBER":"NVAS04",
        "PARAMETER":"Closed"
    },
    {
        "CUSTOMER_NUMBER":"NVET01",
        "PARAMETER":"Closed"
    },
    {
        "CUSTOMER_NUMBER":"NVET02",
        "PARAMETER":"Closed"
    },
    {
        "CUSTOMER_NUMBER":"NVET03",
        "PARAMETER":"Closed"
    },
    {
        "CUSTOMER_NUMBER":"NVOR01",
        "PARAMETER":"Closed"
    },
    {
        "CUSTOMER_NUMBER":"NWIB01",
        "PARAMETER":"Closed"
    },
    {
        "CUSTOMER_NUMBER":"OAVNC1",
        "PARAMETER":"Closed"
    },
    {
        "CUSTOMER_NUMBER":"OAVNOC",
        "PARAMETER":"Closed"
    },
    {
        "CUSTOMER_NUMBER":"OBCP01",
        "PARAMETER":"Closed"
    },
    {
        "CUSTOMER_NUMBER":"OBHO02",
        "PARAMETER":"Closed"
    },
    {
        "CUSTOMER_NUMBER":"OBHO03",
        "PARAMETER":"Trading Account"
    },
    {
        "CUSTOMER_NUMBER":"OBHOC1",
        "PARAMETER":"Closed"
    },
    {
        "CUSTOMER_NUMBER":"OBHOOC",
        "PARAMETER":"Consignment"
    },
    {
        "CUSTOMER_NUMBER":"OBHOPC",
        "PARAMETER":"Consignment"
    },
    {
        "CUSTOMER_NUMBER":"OBLC01",
        "PARAMETER":"Closed"
    },
    {
        "CUSTOMER_NUMBER":"OBLCC1",
        "PARAMETER":"Consignment"
    },
    {
        "CUSTOMER_NUMBER":"OBLCOC",
        "PARAMETER":"Closed"
    },
    {
        "CUSTOMER_NUMBER":"OBOYOC",
        "PARAMETER":"Consignment"
    },
    {
        "CUSTOMER_NUMBER":"OBRW01",
        "PARAMETER":"Closed"
    },
    {
        "CUSTOMER_NUMBER":"OCLI01",
        "PARAMETER":"Closed"
    },
    {
        "CUSTOMER_NUMBER":"OCOK01",
        "PARAMETER":"Closed"
    },
    {
        "CUSTOMER_NUMBER":"OCOK02",
        "PARAMETER":"Closed"
    },
    {
        "CUSTOMER_NUMBER":"OCOK03",
        "PARAMETER":"Closed"
    },
    {
        "CUSTOMER_NUMBER":"OEBN01",
        "PARAMETER":"Closed"
    },
    {
        "CUSTOMER_NUMBER":"OFLRC1",
        "PARAMETER":"Consignment"
    },
    {
        "CUSTOMER_NUMBER":"OFLROC",
        "PARAMETER":"Consignment"
    },
    {
        "CUSTOMER_NUMBER":"OGLBOC",
        "PARAMETER":"Consignment"
    },
    {
        "CUSTOMER_NUMBER":"OGLV01",
        "PARAMETER":"Closed"
    },
    {
        "CUSTOMER_NUMBER":"OGODC1",
        "PARAMETER":"Consignment"
    },
    {
        "CUSTOMER_NUMBER":"OGODC2",
        "PARAMETER":"Consignment"
    },
    {
        "CUSTOMER_NUMBER":"OGODOC",
        "PARAMETER":"Consignment"
    },
    {
        "CUSTOMER_NUMBER":"OIFC01",
        "PARAMETER":"Trading Account"
    },
    {
        "CUSTOMER_NUMBER":"OIFCC1",
        "PARAMETER":"Consignment"
    },
    {
        "CUSTOMER_NUMBER":"OIFCOC",
        "PARAMETER":"Consignment"
    },
    {
        "CUSTOMER_NUMBER":"OIRNOC",
        "PARAMETER":"Closed"
    },
    {
        "CUSTOMER_NUMBER":"OKHT01",
        "PARAMETER":"Trading Account"
    },
    {
        "CUSTOMER_NUMBER":"OKHTC1",
        "PARAMETER":"Consignment"
    },
    {
        "CUSTOMER_NUMBER":"OKHTOC",
        "PARAMETER":"Consignment"
    },
    {
        "CUSTOMER_NUMBER":"OKNB01",
        "PARAMETER":"Closed"
    },
    {
        "CUSTOMER_NUMBER":"OKNB02",
        "PARAMETER":"Closed"
    },
    {
        "CUSTOMER_NUMBER":"OKNX01",
        "PARAMETER":"Closed"
    },
    {
        "CUSTOMER_NUMBER":"OKRG01",
        "PARAMETER":"Closed"
    },
    {
        "CUSTOMER_NUMBER":"OMBM01",
        "PARAMETER":"Closed"
    },
    {
        "CUSTOMER_NUMBER":"OMOLC1",
        "PARAMETER":"Consignment"
    },
    {
        "CUSTOMER_NUMBER":"OMOLC1",
        "PARAMETER":"Promotional Stand"
    },
    {
        "CUSTOMER_NUMBER":"OPRFC1",
        "PARAMETER":"Closed"
    },
    {
        "CUSTOMER_NUMBER":"OPRFC3",
        "PARAMETER":"Consignment"
    },
    {
        "CUSTOMER_NUMBER":"OPRFOC",
        "PARAMETER":"Closed"
    },
    {
        "CUSTOMER_NUMBER":"OPRM01",
        "PARAMETER":"Promotion"
    },
    {
        "CUSTOMER_NUMBER":"OPRMOC",
        "PARAMETER":"Consignment"
    },
    {
        "CUSTOMER_NUMBER":"OPRMOC",
        "PARAMETER":"Promotion"
    },
    {
        "CUSTOMER_NUMBER":"OPRO01",
        "PARAMETER":"Closed"
    },
    {
        "CUSTOMER_NUMBER":"OPRO03",
        "PARAMETER":"Closed"
    },
    {
        "CUSTOMER_NUMBER":"OROS01",
        "PARAMETER":"Trading Account"
    },
    {
        "CUSTOMER_NUMBER":"OROS05",
        "PARAMETER":"Trading Account"
    },
    {
        "CUSTOMER_NUMBER":"OROS06",
        "PARAMETER":"Trading Account"
    },
    {
        "CUSTOMER_NUMBER":"OROSC1",
        "PARAMETER":"Consignment"
    },
    {
        "CUSTOMER_NUMBER":"OROSC2",
        "PARAMETER":"Consignment"
    },
    {
        "CUSTOMER_NUMBER":"OROSC3",
        "PARAMETER":"Consignment"
    },
    {
        "CUSTOMER_NUMBER":"OROSCC",
        "PARAMETER":"Consignment"
    },
    {
        "CUSTOMER_NUMBER":"OROSCO",
        "PARAMETER":"Consignment"
    },
    {
        "CUSTOMER_NUMBER":"OROSOC",
        "PARAMETER":"Closed"
    },
    {
        "CUSTOMER_NUMBER":"OSAA01",
        "PARAMETER":"Closed"
    },
    {
        "CUSTOMER_NUMBER":"OSAA03",
        "PARAMETER":"Closed"
    },
    {
        "CUSTOMER_NUMBER":"OSLPC1",
        "PARAMETER":"Promotional Stand"
    },
    {
        "CUSTOMER_NUMBER":"OSPLOC",
        "PARAMETER":"Consignment"
    },
    {
        "CUSTOMER_NUMBER":"OSPRC2",
        "PARAMETER":"Consignment"
    },
    {
        "CUSTOMER_NUMBER":"OSPROC",
        "PARAMETER":"Consignment"
    },
    {
        "CUSTOMER_NUMBER":"OWODOC",
        "PARAMETER":"Consignment"
    },
    {
        "CUSTOMER_NUMBER":"OWODOC",
        "PARAMETER":"Promotional Stand"
    },
    {
        "CUSTOMER_NUMBER":"PCOT01",
        "PARAMETER":"Closed"
    },
    {
        "CUSTOMER_NUMBER":"PDILOC",
        "PARAMETER":"Consignment"
    },
    {
        "CUSTOMER_NUMBER":"PHYE02",
        "PARAMETER":"Trading Account"
    },
    {
        "CUSTOMER_NUMBER":"PHYEC1",
        "PARAMETER":"Consignment"
    },
    {
        "CUSTOMER_NUMBER":"PJEP01",
        "PARAMETER":"Closed"
    },
    {
        "CUSTOMER_NUMBER":"PKAI01",
        "PARAMETER":"Closed"
    },
    {
        "CUSTOMER_NUMBER":"PMSE01",
        "PARAMETER":"Trading Account"
    },
    {
        "CUSTOMER_NUMBER":"PMSEC1",
        "PARAMETER":"Consignment"
    },
    {
        "CUSTOMER_NUMBER":"PMSEOC",
        "PARAMETER":"Closed"
    },
    {
        "CUSTOMER_NUMBER":"PPAPC1",
        "PARAMETER":"Consignment"
    },
    {
        "CUSTOMER_NUMBER":"PPAPC2",
        "PARAMETER":"Closed"
    },
    {
        "CUSTOMER_NUMBER":"PPAPCO",
        "PARAMETER":"Consignment"
    },
    {
        "CUSTOMER_NUMBER":"PPAPOC",
        "PARAMETER":"Closed"
    },
    {
        "CUSTOMER_NUMBER":"PROE01",
        "PARAMETER":"Trading Account"
    },
    {
        "CUSTOMER_NUMBER":"PROE0C",
        "PARAMETER":"Closed"
    },
    {
        "CUSTOMER_NUMBER":"PROEC1",
        "PARAMETER":"Consignment"
    },
    {
        "CUSTOMER_NUMBER":"PROEC2",
        "PARAMETER":"Consignment"
    },
    {
        "CUSTOMER_NUMBER":"PROEC2",
        "PARAMETER":"Promotional Stand"
    },
    {
        "CUSTOMER_NUMBER":"PROECO",
        "PARAMETER":"Consignment"
    },
    {
        "CUSTOMER_NUMBER":"PROEOC",
        "PARAMETER":"Closed"
    },
    {
        "CUSTOMER_NUMBER":"PSUCAM",
        "PARAMETER":"Consignment"
    },
    {
        "CUSTOMER_NUMBER":"PSUCAM",
        "PARAMETER":"Promotional Stand"
    },
    {
        "CUSTOMER_NUMBER":"PSUE02",
        "PARAMETER":"Trading Account"
    },
    {
        "CUSTOMER_NUMBER":"PSUEC1",
        "PARAMETER":"Consignment"
    },
    {
        "CUSTOMER_NUMBER":"PSUEC2",
        "PARAMETER":"Closed"
    },
    {
        "CUSTOMER_NUMBER":"PSUEC3",
        "PARAMETER":"Consignment"
    },
    {
        "CUSTOMER_NUMBER":"PSUEOC",
        "PARAMETER":"Consignment"
    },
    {
        "CUSTOMER_NUMBER":"RABA01",
        "PARAMETER":"Closed"
    },
    {
        "CUSTOMER_NUMBER":"RABAC1",
        "PARAMETER":"Consignment"
    },
    {
        "CUSTOMER_NUMBER":"RABACO",
        "PARAMETER":"Consignment"
    },
    {
        "CUSTOMER_NUMBER":"RABAO1",
        "PARAMETER":"Trading Account"
    },
    {
        "CUSTOMER_NUMBER":"RABAOC",
        "PARAMETER":"Closed"
    },
    {
        "CUSTOMER_NUMBER":"RAFO01",
        "PARAMETER":"Closed"
    },
    {
        "CUSTOMER_NUMBER":"RARA01",
        "PARAMETER":"Closed"
    },
    {
        "CUSTOMER_NUMBER":"RBEE01",
        "PARAMETER":"Closed"
    },
    {
        "CUSTOMER_NUMBER":"RBEM02",
        "PARAMETER":"Trading Account"
    },
    {
        "CUSTOMER_NUMBER":"RBEMC1",
        "PARAMETER":"Consignment"
    },
    {
        "CUSTOMER_NUMBER":"RBEMOC",
        "PARAMETER":"Closed"
    },
    {
        "CUSTOMER_NUMBER":"RBUGC1",
        "PARAMETER":"Consignment"
    },
    {
        "CUSTOMER_NUMBER":"RBUNC1",
        "PARAMETER":"Consignment"
    },
    {
        "CUSTOMER_NUMBER":"RBUNOC",
        "PARAMETER":"Closed"
    },
    {
        "CUSTOMER_NUMBER":"RBUR01",
        "PARAMETER":"Closed"
    },
    {
        "CUSTOMER_NUMBER":"RCAEC1",
        "PARAMETER":"Consignment"
    },
    {
        "CUSTOMER_NUMBER":"RCHI01",
        "PARAMETER":"Closed"
    },
    {
        "CUSTOMER_NUMBER":"RCON03",
        "PARAMETER":"Closed"
    },
    {
        "CUSTOMER_NUMBER":"RCON04",
        "PARAMETER":"Closed"
    },
    {
        "CUSTOMER_NUMBER":"RDIEOC",
        "PARAMETER":"Consignment"
    },
    {
        "CUSTOMER_NUMBER":"RDOFC0",
        "PARAMETER":"Consignment"
    },
    {
        "CUSTOMER_NUMBER":"RDOFOC",
        "PARAMETER":"Consignment"
    },
    {
        "CUSTOMER_NUMBER":"RHOSC1",
        "PARAMETER":"Consignment"
    },
    {
        "CUSTOMER_NUMBER":"RHOSE1",
        "PARAMETER":"Trading Account"
    },
    {
        "CUSTOMER_NUMBER":"RKAEC1",
        "PARAMETER":"Consignment"
    },
    {
        "CUSTOMER_NUMBER":"RKAEC1",
        "PARAMETER":"Promotional Stand"
    },
    {
        "CUSTOMER_NUMBER":"RKAEC2",
        "PARAMETER":"Consignment"
    },
    {
        "CUSTOMER_NUMBER":"RKELC1",
        "PARAMETER":"Consignment"
    },
    {
        "CUSTOMER_NUMBER":"RKELC1",
        "PARAMETER":"Promotional Stand"
    },
    {
        "CUSTOMER_NUMBER":"RKELOC",
        "PARAMETER":"Consignment"
    },
    {
        "CUSTOMER_NUMBER":"RKIK01",
        "PARAMETER":"Closed"
    },
    {
        "CUSTOMER_NUMBER":"RKOBOC",
        "PARAMETER":"Consignment"
    },
    {
        "CUSTOMER_NUMBER":"RMAAC1",
        "PARAMETER":"Consignment"
    },
    {
        "CUSTOMER_NUMBER":"RMAAC2",
        "PARAMETER":"Promotional Stand"
    },
    {
        "CUSTOMER_NUMBER":"RMAAOC",
        "PARAMETER":"Consignment"
    },
    {
        "CUSTOMER_NUMBER":"RMABOC",
        "PARAMETER":"Consignment"
    },
    {
        "CUSTOMER_NUMBER":"RMAE01",
        "PARAMETER":"Trading Account"
    },
    {
        "CUSTOMER_NUMBER":"RMAEC0",
        "PARAMETER":"Consignment"
    },
    {
        "CUSTOMER_NUMBER":"RMAIOC",
        "PARAMETER":"Consignment"
    },
    {
        "CUSTOMER_NUMBER":"RMAKCO",
        "PARAMETER":"Promotion"
    },
    {
        "CUSTOMER_NUMBER":"RMEE01",
        "PARAMETER":"Closed"
    },
    {
        "CUSTOMER_NUMBER":"RNOT04",
        "PARAMETER":"Trading Account"
    },
    {
        "CUSTOMER_NUMBER":"RNOTOC",
        "PARAMETER":"Consignment"
    },
    {
        "CUSTOMER_NUMBER":"RPAMC2",
        "PARAMETER":"Consignment"
    },
    {
        "CUSTOMER_NUMBER":"RPAMC2",
        "PARAMETER":"Promotional Stand"
    },
    {
        "CUSTOMER_NUMBER":"RPAMOC",
        "PARAMETER":"Closed"
    },
    {
        "CUSTOMER_NUMBER":"RSADOC",
        "PARAMETER":"Promotion"
    },
    {
        "CUSTOMER_NUMBER":"RSAIOC",
        "PARAMETER":"Consignment"
    },
    {
        "CUSTOMER_NUMBER":"RSTAC1",
        "PARAMETER":"Consignment"
    },
    {
        "CUSTOMER_NUMBER":"RSTAOC",
        "PARAMETER":"Closed"
    },
    {
        "CUSTOMER_NUMBER":"RSTO01",
        "PARAMETER":"Closed"
    },
    {
        "CUSTOMER_NUMBER":"RSTU01",
        "PARAMETER":"Closed"
    },
    {
        "CUSTOMER_NUMBER":"RSTUOC",
        "PARAMETER":"Consignment"
    },
    {
        "CUSTOMER_NUMBER":"RSUT01",
        "PARAMETER":"Closed"
    },
    {
        "CUSTOMER_NUMBER":"RTOG09",
        "PARAMETER":"Trading Account"
    },
    {
        "CUSTOMER_NUMBER":"RTOG12",
        "PARAMETER":"Trading Account"
    },
    {
        "CUSTOMER_NUMBER":"RTOGC2",
        "PARAMETER":"Closed"
    },
    {
        "CUSTOMER_NUMBER":"RTOGC3",
        "PARAMETER":"Closed"
    },
    {
        "CUSTOMER_NUMBER":"RTOGC4",
        "PARAMETER":"Closed"
    },
    {
        "CUSTOMER_NUMBER":"RTOGC5",
        "PARAMETER":"Promotion"
    },
    {
        "CUSTOMER_NUMBER":"RTOGC6",
        "PARAMETER":"Consignment"
    },
    {
        "CUSTOMER_NUMBER":"RTOGC7",
        "PARAMETER":"Consignment"
    },
    {
        "CUSTOMER_NUMBER":"RTOGC7",
        "PARAMETER":"Promotion"
    },
    {
        "CUSTOMER_NUMBER":"RTOGC8",
        "PARAMETER":"Promotion"
    },
    {
        "CUSTOMER_NUMBER":"RTOGCO",
        "PARAMETER":"Consignment"
    },
    {
        "CUSTOMER_NUMBER":"RTOGOC",
        "PARAMETER":"Consignment"
    },
    {
        "CUSTOMER_NUMBER":"RTOGOP",
        "PARAMETER":"Promotional Stand"
    },
    {
        "CUSTOMER_NUMBER":"RVAI02",
        "PARAMETER":"Closed"
    },
    {
        "CUSTOMER_NUMBER":"RVES01",
        "PARAMETER":"Closed"
    },
    {
        "CUSTOMER_NUMBER":"SABO01",
        "PARAMETER":"Trading Account"
    },
    {
        "CUSTOMER_NUMBER":"SABOC1",
        "PARAMETER":"Consignment"
    },
    {
        "CUSTOMER_NUMBER":"SAS001",
        "PARAMETER":"Closed"
    },
    {
        "CUSTOMER_NUMBER":"SASOC1",
        "PARAMETER":"Consignment"
    },
    {
        "CUSTOMER_NUMBER":"SASOC1",
        "PARAMETER":"Promotional Stand"
    },
    {
        "CUSTOMER_NUMBER":"SASOC2",
        "PARAMETER":"Consignment"
    },
    {
        "CUSTOMER_NUMBER":"SBETC1",
        "PARAMETER":"Consignment"
    },
    {
        "CUSTOMER_NUMBER":"SBETOC",
        "PARAMETER":"Closed"
    },
    {
        "CUSTOMER_NUMBER":"SBIH01",
        "PARAMETER":"Closed"
    },
    {
        "CUSTOMER_NUMBER":"SBIM01",
        "PARAMETER":"Trading Account"
    },
    {
        "CUSTOMER_NUMBER":"SBIMC1",
        "PARAMETER":"Consignment"
    },
    {
        "CUSTOMER_NUMBER":"SCAA01",
        "PARAMETER":"Closed"
    },
    {
        "CUSTOMER_NUMBER":"SCAOOC",
        "PARAMETER":"Consignment"
    },
    {
        "CUSTOMER_NUMBER":"SCOM01",
        "PARAMETER":"Closed"
    },
    {
        "CUSTOMER_NUMBER":"SCOMOC",
        "PARAMETER":"Consignment"
    },
    {
        "CUSTOMER_NUMBER":"SDEM01",
        "PARAMETER":"Trading Account"
    },
    {
        "CUSTOMER_NUMBER":"SDEMC1",
        "PARAMETER":"Consignment"
    },
    {
        "CUSTOMER_NUMBER":"SDEMOC",
        "PARAMETER":"Consignment"
    },
    {
        "CUSTOMER_NUMBER":"SEAT04",
        "PARAMETER":"Trading Account"
    },
    {
        "CUSTOMER_NUMBER":"SEATC1",
        "PARAMETER":"Consignment"
    },
    {
        "CUSTOMER_NUMBER":"SEATOC",
        "PARAMETER":"Consignment"
    },
    {
        "CUSTOMER_NUMBER":"SESEOC",
        "PARAMETER":"Consignment"
    },
    {
        "CUSTOMER_NUMBER":"SHAS02",
        "PARAMETER":"Closed"
    },
    {
        "CUSTOMER_NUMBER":"SINI01",
        "PARAMETER":"Trading Account"
    },
    {
        "CUSTOMER_NUMBER":"SINIC1",
        "PARAMETER":"Consignment"
    },
    {
        "CUSTOMER_NUMBER":"SINIOC",
        "PARAMETER":"Consignment"
    },
    {
        "CUSTOMER_NUMBER":"SKAO01",
        "PARAMETER":"Trading Account"
    },
    {
        "CUSTOMER_NUMBER":"SKAOC1",
        "PARAMETER":"Consignment"
    },
    {
        "CUSTOMER_NUMBER":"SKAOOC",
        "PARAMETER":"Consignment"
    },
    {
        "CUSTOMER_NUMBER":"SLEHCO",
        "PARAMETER":"Promotional Stand"
    },
    {
        "CUSTOMER_NUMBER":"SMAT02",
        "PARAMETER":"Trading Account"
    },
    {
        "CUSTOMER_NUMBER":"SMATC1",
        "PARAMETER":"Consignment"
    },
    {
        "CUSTOMER_NUMBER":"SMATC1",
        "PARAMETER":"Promotional Stand"
    },
    {
        "CUSTOMER_NUMBER":"SMATC2",
        "PARAMETER":"Consignment"
    },
    {
        "CUSTOMER_NUMBER":"SMTHOC",
        "PARAMETER":"Consignment"
    },
    {
        "CUSTOMER_NUMBER":"SNUI02",
        "PARAMETER":"Trading Account"
    },
    {
        "CUSTOMER_NUMBER":"SNUIC1",
        "PARAMETER":"Consignment"
    },
    {
        "CUSTOMER_NUMBER":"SNUOC",
        "PARAMETER":"Closed"
    },
    {
        "CUSTOMER_NUMBER":"SPIT01",
        "PARAMETER":"Trading Account"
    },
    {
        "CUSTOMER_NUMBER":"SPITCO",
        "PARAMETER":"Consignment"
    },
    {
        "CUSTOMER_NUMBER":"SROEC1",
        "PARAMETER":"Consignment"
    },
    {
        "CUSTOMER_NUMBER":"SROOOC",
        "PARAMETER":"Consignment"
    },
    {
        "CUSTOMER_NUMBER":"SUYO01",
        "PARAMETER":"Closed"
    },
    {
        "CUSTOMER_NUMBER":"SVII04",
        "PARAMETER":"Closed"
    },
    {
        "CUSTOMER_NUMBER":"SVII06",
        "PARAMETER":"Closed"
    },
    {
        "CUSTOMER_NUMBER":"SVII17",
        "PARAMETER":"Trading Account"
    },
    {
        "CUSTOMER_NUMBER":"SVIIC1",
        "PARAMETER":"Consignment"
    },
    {
        "CUSTOMER_NUMBER":"SVIIC2",
        "PARAMETER":"Consignment"
    },
    {
        "CUSTOMER_NUMBER":"SVIIC2",
        "PARAMETER":"Promotional Stand"
    },
    {
        "CUSTOMER_NUMBER":"SVIIOC",
        "PARAMETER":"Consignment"
    },
    {
        "CUSTOMER_NUMBER":"SVIIOC",
        "PARAMETER":"Promotional Stand"
    },
    {
        "CUSTOMER_NUMBER":"SVIISQ",
        "PARAMETER":"Consignment"
    },
    {
        "CUSTOMER_NUMBER":"SVIIU1",
        "PARAMETER":"Consignment"
    },
    {
        "CUSTOMER_NUMBER":"SVIOC",
        "PARAMETER":"Consignment"
    },
    {
        "CUSTOMER_NUMBER":"SVIT01",
        "PARAMETER":"Closed"
    },
    {
        "CUSTOMER_NUMBER":"SWET03",
        "PARAMETER":"Trading Account"
    },
    {
        "CUSTOMER_NUMBER":"SWET05",
        "PARAMETER":"Closed"
    },
    {
        "CUSTOMER_NUMBER":"SWETC1",
        "PARAMETER":"Consignment"
    },
    {
        "CUSTOMER_NUMBER":"SWETC2",
        "PARAMETER":"Consignment"
    },
    {
        "CUSTOMER_NUMBER":"SWETC2",
        "PARAMETER":"Promotional Stand"
    },
    {
        "CUSTOMER_NUMBER":"SWETC3",
        "PARAMETER":"Consignment"
    },
    {
        "CUSTOMER_NUMBER":"SWETOC",
        "PARAMETER":"Closed"
    },
    {
        "CUSTOMER_NUMBER":"SWIE01",
        "PARAMETER":"Closed"
    },
    {
        "CUSTOMER_NUMBER":"SWIEC1",
        "PARAMETER":"Consignment"
    },
    {
        "CUSTOMER_NUMBER":"SWIEOC",
        "PARAMETER":"Closed"
    },
    {
        "CUSTOMER_NUMBER":"SYSE02",
        "PARAMETER":"Closed"
    },
    {
        "CUSTOMER_NUMBER":"SYSE03",
        "PARAMETER":"Closed"
    },
    {
        "CUSTOMER_NUMBER":"SYSEOC",
        "PARAMETER":"Consignment"
    },
    {
        "CUSTOMER_NUMBER":"TACIC2",
        "PARAMETER":"Consignment"
    },
    {
        "CUSTOMER_NUMBER":"TACIC2",
        "PARAMETER":"Promotional Stand"
    },
    {
        "CUSTOMER_NUMBER":"TBEHCO",
        "PARAMETER":"Consignment"
    },
    {
        "CUSTOMER_NUMBER":"TBOJC1",
        "PARAMETER":"Consignment"
    },
    {
        "CUSTOMER_NUMBER":"TBOJOC",
        "PARAMETER":"Closed"
    },
    {
        "CUSTOMER_NUMBER":"TEXR01",
        "PARAMETER":"Closed"
    },
    {
        "CUSTOMER_NUMBER":"TEXR02",
        "PARAMETER":"Closed"
    },
    {
        "CUSTOMER_NUMBER":"THC01",
        "PARAMETER":"Trading Account"
    },
    {
        "CUSTOMER_NUMBER":"THC02",
        "PARAMETER":"Trading Account"
    },
    {
        "CUSTOMER_NUMBER":"THCC1",
        "PARAMETER":"Consignment"
    },
    {
        "CUSTOMER_NUMBER":"TINOOC",
        "PARAMETER":"Consignment"
    },
    {
        "CUSTOMER_NUMBER":"TINRC1",
        "PARAMETER":"Consignment"
    },
    {
        "CUSTOMER_NUMBER":"TINRC1",
        "PARAMETER":"Promotional Stand"
    },
    {
        "CUSTOMER_NUMBER":"TINRC2",
        "PARAMETER":"Consignment"
    },
    {
        "CUSTOMER_NUMBER":"TKAZC1",
        "PARAMETER":"Consignment"
    },
    {
        "CUSTOMER_NUMBER":"TKOZ01",
        "PARAMETER":"Closed"
    },
    {
        "CUSTOMER_NUMBER":"TLAI01",
        "PARAMETER":"Closed"
    },
    {
        "CUSTOMER_NUMBER":"TMAH02",
        "PARAMETER":"Closed"
    },
    {
        "CUSTOMER_NUMBER":"TMALOC",
        "PARAMETER":"Consignment"
    },
    {
        "CUSTOMER_NUMBER":"TMALOC",
        "PARAMETER":"Promotional Stand"
    },
    {
        "CUSTOMER_NUMBER":"TMNU01",
        "PARAMETER":"Closed"
    },
    {
        "CUSTOMER_NUMBER":"TMOAOC",
        "PARAMETER":"Consignment"
    },
    {
        "CUSTOMER_NUMBER":"TMUH01",
        "PARAMETER":"Trading Account"
    },
    {
        "CUSTOMER_NUMBER":"TMUHC1",
        "PARAMETER":"Consignment"
    },
    {
        "CUSTOMER_NUMBER":"TNAHC1",
        "PARAMETER":"Closed"
    },
    {
        "CUSTOMER_NUMBER":"TNAHC1",
        "PARAMETER":"Consignment"
    },
    {
        "CUSTOMER_NUMBER":"TNAHC2",
        "PARAMETER":"Consignment"
    },
    {
        "CUSTOMER_NUMBER":"TNAHC2",
        "PARAMETER":"Promotional Stand"
    },
    {
        "CUSTOMER_NUMBER":"TNAHOC",
        "PARAMETER":"Consignment"
    },
    {
        "CUSTOMER_NUMBER":"TNAHOC",
        "PARAMETER":"Promotional Stand"
    },
    {
        "CUSTOMER_NUMBER":"TNETOC",
        "PARAMETER":"Consignment"
    },
    {
        "CUSTOMER_NUMBER":"TOPBOT",
        "PARAMETER":"Consignment"
    },
    {
        "CUSTOMER_NUMBER":"TOPBOT",
        "PARAMETER":"Promotional Stand"
    },
    {
        "CUSTOMER_NUMBER":"TOPC10",
        "PARAMETER":"Consignment"
    },
    {
        "CUSTOMER_NUMBER":"TOPC11",
        "PARAMETER":"Closed"
    },
    {
        "CUSTOMER_NUMBER":"TOPC11",
        "PARAMETER":"Consignment"
    },
    {
        "CUSTOMER_NUMBER":"TOPC13",
        "PARAMETER":"Consignment"
    },
    {
        "CUSTOMER_NUMBER":"TOPC13",
        "PARAMETER":"Promotional Stand"
    },
    {
        "CUSTOMER_NUMBER":"TOPC14",
        "PARAMETER":"Closed"
    },
    {
        "CUSTOMER_NUMBER":"TOPCC1",
        "PARAMETER":"Consignment"
    },
    {
        "CUSTOMER_NUMBER":"TOPCC2",
        "PARAMETER":"Closed"
    },
    {
        "CUSTOMER_NUMBER":"TOPCC3",
        "PARAMETER":"Consignment"
    },
    {
        "CUSTOMER_NUMBER":"TOPCC4",
        "PARAMETER":"Consignment"
    },
    {
        "CUSTOMER_NUMBER":"TOPFCS",
        "PARAMETER":"Consignment"
    },
    {
        "CUSTOMER_NUMBER":"TOPI05",
        "PARAMETER":"Closed"
    },
    {
        "CUSTOMER_NUMBER":"TOPI26",
        "PARAMETER":"Closed"
    },
    {
        "CUSTOMER_NUMBER":"TOPI28",
        "PARAMETER":"Closed"
    },
    {
        "CUSTOMER_NUMBER":"TOPI45",
        "PARAMETER":"Closed"
    },
    {
        "CUSTOMER_NUMBER":"TOPI47",
        "PARAMETER":"Closed"
    },
    {
        "CUSTOMER_NUMBER":"TOPI49",
        "PARAMETER":"Trading Account"
    },
    {
        "CUSTOMER_NUMBER":"TOPIC1",
        "PARAMETER":"Consignment"
    },
    {
        "CUSTOMER_NUMBER":"TOPIC1",
        "PARAMETER":"Promotional Stand"
    },
    {
        "CUSTOMER_NUMBER":"TOPIC2",
        "PARAMETER":"Consignment"
    },
    {
        "CUSTOMER_NUMBER":"TOPIC3",
        "PARAMETER":"Consignment"
    },
    {
        "CUSTOMER_NUMBER":"TOPIC4",
        "PARAMETER":"Closed"
    },
    {
        "CUSTOMER_NUMBER":"TOPIC4",
        "PARAMETER":"Consignment"
    },
    {
        "CUSTOMER_NUMBER":"TOPIC5",
        "PARAMETER":"Consignment"
    },
    {
        "CUSTOMER_NUMBER":"TOPIC7",
        "PARAMETER":"Consignment"
    },
    {
        "CUSTOMER_NUMBER":"TOPIC8",
        "PARAMETER":"Consignment"
    },
    {
        "CUSTOMER_NUMBER":"TOPIC9",
        "PARAMETER":"Consignment"
    },
    {
        "CUSTOMER_NUMBER":"TOPICC",
        "PARAMETER":"Consignment"
    },
    {
        "CUSTOMER_NUMBER":"TOPICO",
        "PARAMETER":"Consignment"
    },
    {
        "CUSTOMER_NUMBER":"TOPIKC",
        "PARAMETER":"Consignment"
    },
    {
        "CUSTOMER_NUMBER":"TOPIOC",
        "PARAMETER":"Consignment"
    },
    {
        "CUSTOMER_NUMBER":"TOPIVN",
        "PARAMETER":"Consignment"
    },
    {
        "CUSTOMER_NUMBER":"TOPO01",
        "PARAMETER":"Trading Account"
    },
    {
        "CUSTOMER_NUMBER":"TOPOC1",
        "PARAMETER":"Consignment"
    },
    {
        "CUSTOMER_NUMBER":"TOPOOC",
        "PARAMETER":"Consignment"
    },
    {
        "CUSTOMER_NUMBER":"TPAEC1",
        "PARAMETER":"Consignment"
    },
    {
        "CUSTOMER_NUMBER":"TPAEC1",
        "PARAMETER":"Promotional Stand"
    },
    {
        "CUSTOMER_NUMBER":"TSUTOC",
        "PARAMETER":"Consignment"
    },
    {
        "CUSTOMER_NUMBER":"TWAEC1",
        "PARAMETER":"Consignment"
    },
    {
        "CUSTOMER_NUMBER":"TWAEOC",
        "PARAMETER":"Closed"
    },
    {
        "CUSTOMER_NUMBER":"TWEZ01",
        "PARAMETER":"Closed"
    },
    {
        "CUSTOMER_NUMBER":"TWIBC1",
        "PARAMETER":"Consignment"
    },
    {
        "CUSTOMER_NUMBER":"TWIBC1",
        "PARAMETER":"Promotional Stand"
    },
    {
        "CUSTOMER_NUMBER":"TWIBC2",
        "PARAMETER":"Consignment"
    },
    {
        "CUSTOMER_NUMBER":"UBAE01",
        "PARAMETER":"Trading Account"
    },
    {
        "CUSTOMER_NUMBER":"UBAEOC",
        "PARAMETER":"Consignment"
    },
    {
        "CUSTOMER_NUMBER":"UBLF01",
        "PARAMETER":"Closed"
    },
    {
        "CUSTOMER_NUMBER":"UBLSOC",
        "PARAMETER":"Consignment"
    },
    {
        "CUSTOMER_NUMBER":"UBOG01",
        "PARAMETER":"Closed"
    },
    {
        "CUSTOMER_NUMBER":"UBOG02",
        "PARAMETER":"Closed"
    },
    {
        "CUSTOMER_NUMBER":"UBOMC1",
        "PARAMETER":"Consignment"
    },
    {
        "CUSTOMER_NUMBER":"UDRMOC",
        "PARAMETER":"Consignment"
    },
    {
        "CUSTOMER_NUMBER":"UFAL01",
        "PARAMETER":"Closed"
    },
    {
        "CUSTOMER_NUMBER":"UFALOC",
        "PARAMETER":"Closed"
    },
    {
        "CUSTOMER_NUMBER":"UFALOC",
        "PARAMETER":"Consignment"
    },
    {
        "CUSTOMER_NUMBER":"UFOR01",
        "PARAMETER":"Closed"
    },
    {
        "CUSTOMER_NUMBER":"UFORC1",
        "PARAMETER":"Consignment"
    },
    {
        "CUSTOMER_NUMBER":"UFOROC",
        "PARAMETER":"Consignment"
    },
    {
        "CUSTOMER_NUMBER":"UKRG01",
        "PARAMETER":"Closed"
    },
    {
        "CUSTOMER_NUMBER":"UKRS01",
        "PARAMETER":"Closed"
    },
    {
        "CUSTOMER_NUMBER":"ULADC1",
        "PARAMETER":"Consignment"
    },
    {
        "CUSTOMER_NUMBER":"ULADC1",
        "PARAMETER":"Promotional Stand"
    },
    {
        "CUSTOMER_NUMBER":"UMNKC1",
        "PARAMETER":"Consignment"
    },
    {
        "CUSTOMER_NUMBER":"UMNKC1",
        "PARAMETER":"Promotional Stand"
    },
    {
        "CUSTOMER_NUMBER":"UMOT01",
        "PARAMETER":"Trading Account"
    },
    {
        "CUSTOMER_NUMBER":"UMOTC1",
        "PARAMETER":"Consignment"
    },
    {
        "CUSTOMER_NUMBER":"UNET01",
        "PARAMETER":"Trading Account"
    },
    {
        "CUSTOMER_NUMBER":"UNET02",
        "PARAMETER":"Closed"
    },
    {
        "CUSTOMER_NUMBER":"UNETC1",
        "PARAMETER":"Consignment"
    },
    {
        "CUSTOMER_NUMBER":"UNETC1",
        "PARAMETER":"Promotional Stand"
    },
    {
        "CUSTOMER_NUMBER":"UNETOC",
        "PARAMETER":"Consignment"
    },
    {
        "CUSTOMER_NUMBER":"USOTC1",
        "PARAMETER":"Consignment"
    },
    {
        "CUSTOMER_NUMBER":"UTREOC",
        "PARAMETER":"Consignment"
    },
    {
        "CUSTOMER_NUMBER":"UYOOC",
        "PARAMETER":"Consignment"
    },
    {
        "CUSTOMER_NUMBER":"UYORC1",
        "PARAMETER":"Consignment"
    },
    {
        "CUSTOMER_NUMBER":"UYORC1",
        "PARAMETER":"Promotional Stand"
    },
    {
        "CUSTOMER_NUMBER":"VADE02",
        "PARAMETER":"Closed"
    },
    {
        "CUSTOMER_NUMBER":"VDAE01",
        "PARAMETER":"Consignment"
    },
    {
        "CUSTOMER_NUMBER":"VDAEOC",
        "PARAMETER":"Consignment"
    },
    {
        "CUSTOMER_NUMBER":"VDAI01",
        "PARAMETER":"Closed"
    },
    {
        "CUSTOMER_NUMBER":"VDEI01",
        "PARAMETER":"Closed"
    },
    {
        "CUSTOMER_NUMBER":"VDEROC",
        "PARAMETER":"Consignment"
    },
    {
        "CUSTOMER_NUMBER":"VDICO",
        "PARAMETER":"Consignment"
    },
    {
        "CUSTOMER_NUMBER":"VDII01",
        "PARAMETER":"Trading Account"
    },
    {
        "CUSTOMER_NUMBER":"VGOEC1",
        "PARAMETER":"Consignment"
    },
    {
        "CUSTOMER_NUMBER":"VGOEC2",
        "PARAMETER":"Consignment"
    },
    {
        "CUSTOMER_NUMBER":"VGOEOC",
        "PARAMETER":"Closed"
    },
    {
        "CUSTOMER_NUMBER":"VINE01",
        "PARAMETER":"Closed"
    },
    {
        "CUSTOMER_NUMBER":"VLEI02",
        "PARAMETER":"Trading Account"
    },
    {
        "CUSTOMER_NUMBER":"VLEI05",
        "PARAMETER":"Closed"
    },
    {
        "CUSTOMER_NUMBER":"VLEIC1",
        "PARAMETER":"Consignment"
    },
    {
        "CUSTOMER_NUMBER":"VLEIOC",
        "PARAMETER":"Consignment"
    },
    {
        "CUSTOMER_NUMBER":"VLEYC1",
        "PARAMETER":"Consignment"
    },
    {
        "CUSTOMER_NUMBER":"VLEYOC",
        "PARAMETER":"Consignment"
    },
    {
        "CUSTOMER_NUMBER":"VRIO01",
        "PARAMETER":"Trading Account"
    },
    {
        "CUSTOMER_NUMBER":"VRIO02",
        "PARAMETER":"Closed"
    },
    {
        "CUSTOMER_NUMBER":"VRIOC1",
        "PARAMETER":"Consignment"
    },
    {
        "CUSTOMER_NUMBER":"VRIOC2",
        "PARAMETER":"Consignment"
    },
    {
        "CUSTOMER_NUMBER":"VRIOC2",
        "PARAMETER":"Promotional Stand"
    },
    {
        "CUSTOMER_NUMBER":"VRIOOC",
        "PARAMETER":"Closed"
    },
    {
        "CUSTOMER_NUMBER":"WCOA01",
        "PARAMETER":"Trading Account"
    },
    {
        "CUSTOMER_NUMBER":"WCOAC1",
        "PARAMETER":"Closed"
    },
    {
        "CUSTOMER_NUMBER":"WCOAOC",
        "PARAMETER":"Closed"
    },
    {
        "CUSTOMER_NUMBER":"WHOE01",
        "PARAMETER":"Trading Account"
    },
    {
        "CUSTOMER_NUMBER":"WHOEC1",
        "PARAMETER":"Consignment"
    },
    {
        "CUSTOMER_NUMBER":"WHOEOC",
        "PARAMETER":"Consignment"
    },
    {
        "CUSTOMER_NUMBER":"WNECON",
        "PARAMETER":"Consignment"
    },
    {
        "CUSTOMER_NUMBER":"WNEMA",
        "PARAMETER":"Consignment"
    },
    {
        "CUSTOMER_NUMBER":"XFOD01",
        "PARAMETER":"Closed"
    },
    {
        "CUSTOMER_NUMBER":"XFOY01",
        "PARAMETER":"Trading Account"
    },
    {
        "CUSTOMER_NUMBER":"XFOYC1",
        "PARAMETER":"Consignment"
    },
    {
        "CUSTOMER_NUMBER":"XFOYC2",
        "PARAMETER":"Consignment"
    },
    {
        "CUSTOMER_NUMBER":"XFOYC3",
        "PARAMETER":"Consignment"
    },
    {
        "CUSTOMER_NUMBER":"XFOYC3",
        "PARAMETER":"Promotional Stand"
    },
    {
        "CUSTOMER_NUMBER":"XFOYC4",
        "PARAMETER":"Consignment"
    },
    {
        "CUSTOMER_NUMBER":"XFOYC4",
        "PARAMETER":"Promotional Stand"
    },
    {
        "CUSTOMER_NUMBER":"YBOS01",
        "PARAMETER":"Closed"
    },
    {
        "CUSTOMER_NUMBER":"YBRA01",
        "PARAMETER":"Closed"
    },
    {
        "CUSTOMER_NUMBER":"YBUCO",
        "PARAMETER":"Consignment"
    },
    {
        "CUSTOMER_NUMBER":"YBUCO",
        "PARAMETER":"Promotion"
    },
    {
        "CUSTOMER_NUMBER":"YBUS01",
        "PARAMETER":"Closed"
    },
    {
        "CUSTOMER_NUMBER":"YBUS02",
        "PARAMETER":"Closed"
    },
    {
        "CUSTOMER_NUMBER":"YBUS03",
        "PARAMETER":"Closed"
    },
    {
        "CUSTOMER_NUMBER":"YBUS04",
        "PARAMETER":"Closed"
    },
    {
        "CUSTOMER_NUMBER":"YBUS05",
        "PARAMETER":"Closed"
    },
    {
        "CUSTOMER_NUMBER":"YBUS06",
        "PARAMETER":"Closed"
    },
    {
        "CUSTOMER_NUMBER":"YBUS07",
        "PARAMETER":"Closed"
    },
    {
        "CUSTOMER_NUMBER":"YBUS08",
        "PARAMETER":"Closed"
    },
    {
        "CUSTOMER_NUMBER":"YBUS09",
        "PARAMETER":"Closed"
    },
    {
        "CUSTOMER_NUMBER":"YHAA01",
        "PARAMETER":"Closed"
    },
    {
        "CUSTOMER_NUMBER":"YMAFC0",
        "PARAMETER":"Consignment"
    },
    {
        "CUSTOMER_NUMBER":"YMEEC1",
        "PARAMETER":"Consignment"
    },
    {
        "CUSTOMER_NUMBER":"YMEEO6",
        "PARAMETER":"Trading Account"
    },
    {
        "CUSTOMER_NUMBER":"YMEEOC",
        "PARAMETER":"Consignment"
    },
    {
        "CUSTOMER_NUMBER":"YMEESA",
        "PARAMETER":"Consignment"
    },
    {
        "CUSTOMER_NUMBER":"YREN03",
        "PARAMETER":"Trading Account"
    },
    {
        "CUSTOMER_NUMBER":"YRENC1",
        "PARAMETER":"Consignment"
    },
    {
        "CUSTOMER_NUMBER":"YROA14",
        "PARAMETER":"Promotion"
    },
    {
        "CUSTOMER_NUMBER":"YSTLC1",
        "PARAMETER":"Consignment"
    },
    {
        "CUSTOMER_NUMBER":"YSTLC2",
        "PARAMETER":"Promotion"
    },
    {
        "CUSTOMER_NUMBER":"YSTLOC",
        "PARAMETER":"Consignment"
    },
    {
        "CUSTOMER_NUMBER":"ZDEI01",
        "PARAMETER":"Trading Account"
    },
    {
        "CUSTOMER_NUMBER":"ZDEIOC",
        "PARAMETER":"Consignment"
    },
    {
        "CUSTOMER_NUMBER":"ZDOE02",
        "PARAMETER":"Closed"
    },
    {
        "CUSTOMER_NUMBER":"ZHAY01",
        "PARAMETER":"Closed"
    },
    {
        "CUSTOMER_NUMBER":"ZNAEOC",
        "PARAMETER":"Consignment"
    }
]