[
    {
        "PRODCAT_CODE":0,
        "PRODCAT_DESC":"Unknown",
        "BRAND_CODE":6,
        "PRAN_CODE":2
    },
    {
        "PRODCAT_CODE":1,
        "PRODCAT_DESC":"Parts",
        "BRAND_CODE":7,
        "PRAN_CODE":1
    },
    {
        "PRODCAT_CODE":2,
        "PRODCAT_DESC":"Products",
        "BRAND_CODE":7,
        "PRAN_CODE":3
    },
    {
        "PRODCAT_CODE":3,
        "PRODCAT_DESC":"Parts",
        "BRAND_CODE":9,
        "PRAN_CODE":1
    },
    {
        "PRODCAT_CODE":4,
        "PRODCAT_DESC":"Products",
        "BRAND_CODE":9,
        "PRAN_CODE":3
    },
    {
        "PRODCAT_CODE":5,
        "PRODCAT_DESC":"Parts",
        "BRAND_CODE":2,
        "PRAN_CODE":1
    },
    {
        "PRODCAT_CODE":6,
        "PRODCAT_DESC":"Products",
        "BRAND_CODE":2,
        "PRAN_CODE":3
    },
    {
        "PRODCAT_CODE":7,
        "PRODCAT_DESC":"Parts",
        "BRAND_CODE":8,
        "PRAN_CODE":1
    },
    {
        "PRODCAT_CODE":8,
        "PRODCAT_DESC":"Products",
        "BRAND_CODE":8,
        "PRAN_CODE":3
    },
    {
        "PRODCAT_CODE":9,
        "PRODCAT_DESC":"Samples",
        "BRAND_CODE":6,
        "PRAN_CODE":2
    },
    {
        "PRODCAT_CODE":10,
        "PRODCAT_DESC":"Last Of Range",
        "BRAND_CODE":6,
        "PRAN_CODE":2
    },
    {
        "PRODCAT_CODE":11,
        "PRODCAT_DESC":"Parts",
        "BRAND_CODE":6,
        "PRAN_CODE":2
    },
    {
        "PRODCAT_CODE":13,
        "PRODCAT_DESC":"Parts",
        "BRAND_CODE":6,
        "PRAN_CODE":2
    },
    {
        "PRODCAT_CODE":14,
        "PRODCAT_DESC":"Products",
        "BRAND_CODE":3,
        "PRAN_CODE":3
    },
    {
        "PRODCAT_CODE":15,
        "PRODCAT_DESC":"Packaging",
        "BRAND_CODE":6,
        "PRAN_CODE":2
    },
    {
        "PRODCAT_CODE":16,
        "PRODCAT_DESC":"Promotional Goods",
        "BRAND_CODE":6,
        "PRAN_CODE":2
    },
    {
        "PRODCAT_CODE":17,
        "PRODCAT_DESC":"Parts",
        "BRAND_CODE":6,
        "PRAN_CODE":2
    },
    {
        "PRODCAT_CODE":18,
        "PRODCAT_DESC":"Products",
        "BRAND_CODE":6,
        "PRAN_CODE":2
    },
    {
        "PRODCAT_CODE":19,
        "PRODCAT_DESC":"Products",
        "BRAND_CODE":3,
        "PRAN_CODE":1
    },
    {
        "PRODCAT_CODE":20,
        "PRODCAT_DESC":"Products",
        "BRAND_CODE":5,
        "PRAN_CODE":3
    },
    {
        "PRODCAT_CODE":21,
        "PRODCAT_DESC":"Vip",
        "BRAND_CODE":6,
        "PRAN_CODE":2
    },
    {
        "PRODCAT_CODE":22,
        "PRODCAT_DESC":"Legal Costs",
        "BRAND_CODE":6,
        "PRAN_CODE":2
    },
    {
        "PRODCAT_CODE":23,
        "PRODCAT_DESC":"Products",
        "BRAND_CODE":5,
        "PRAN_CODE":1
    },
    {
        "PRODCAT_CODE":24,
        "PRODCAT_DESC":"Products",
        "BRAND_CODE":1,
        "PRAN_CODE":3
    },
    {
        "PRODCAT_CODE":25,
        "PRODCAT_DESC":"Admin Fees Postage \/ Courier",
        "BRAND_CODE":6,
        "PRAN_CODE":2
    },
    {
        "PRODCAT_CODE":26,
        "PRODCAT_DESC":"2018",
        "BRAND_CODE":7,
        "PRAN_CODE":3
    },
    {
        "PRODCAT_CODE":27,
        "PRODCAT_DESC":"2019",
        "BRAND_CODE":7,
        "PRAN_CODE":3
    },
    {
        "PRODCAT_CODE":28,
        "PRODCAT_DESC":"2018",
        "BRAND_CODE":8,
        "PRAN_CODE":3
    },
    {
        "PRODCAT_CODE":29,
        "PRODCAT_DESC":"2019",
        "BRAND_CODE":8,
        "PRAN_CODE":3
    },
    {
        "PRODCAT_CODE":30,
        "PRODCAT_DESC":"2018",
        "BRAND_CODE":3,
        "PRAN_CODE":3
    },
    {
        "PRODCAT_CODE":31,
        "PRODCAT_DESC":"2019",
        "BRAND_CODE":3,
        "PRAN_CODE":3
    },
    {
        "PRODCAT_CODE":32,
        "PRODCAT_DESC":"2018",
        "BRAND_CODE":5,
        "PRAN_CODE":3
    },
    {
        "PRODCAT_CODE":33,
        "PRODCAT_DESC":"2019",
        "BRAND_CODE":5,
        "PRAN_CODE":3
    },
    {
        "PRODCAT_CODE":34,
        "PRODCAT_DESC":"Unknown",
        "BRAND_CODE":5,
        "PRAN_CODE":1
    },
    {
        "PRODCAT_CODE":35,
        "PRODCAT_DESC":"2018",
        "BRAND_CODE":7,
        "PRAN_CODE":1
    },
    {
        "PRODCAT_CODE":36,
        "PRODCAT_DESC":"2019",
        "BRAND_CODE":7,
        "PRAN_CODE":1
    },
    {
        "PRODCAT_CODE":37,
        "PRODCAT_DESC":"2018",
        "BRAND_CODE":8,
        "PRAN_CODE":1
    },
    {
        "PRODCAT_CODE":38,
        "PRODCAT_DESC":"2019",
        "BRAND_CODE":8,
        "PRAN_CODE":1
    },
    {
        "PRODCAT_CODE":39,
        "PRODCAT_DESC":"2018",
        "BRAND_CODE":3,
        "PRAN_CODE":1
    },
    {
        "PRODCAT_CODE":40,
        "PRODCAT_DESC":"2019",
        "BRAND_CODE":3,
        "PRAN_CODE":1
    },
    {
        "PRODCAT_CODE":41,
        "PRODCAT_DESC":2018,
        "BRAND_CODE":7,
        "PRAN_CODE":1
    },
    {
        "PRODCAT_CODE":42,
        "PRODCAT_DESC":"2019",
        "BRAND_CODE":7,
        "PRAN_CODE":1
    },
    {
        "PRODCAT_CODE":43,
        "PRODCAT_DESC":2000,
        "BRAND_CODE":7,
        "PRAN_CODE":3
    },
    {
        "PRODCAT_CODE":44,
        "PRODCAT_DESC":2017,
        "BRAND_CODE":7,
        "PRAN_CODE":1
    },
    {
        "PRODCAT_CODE":45,
        "PRODCAT_DESC":2017,
        "BRAND_CODE":8,
        "PRAN_CODE":3
    },
    {
        "PRODCAT_CODE":46,
        "PRODCAT_DESC":2017,
        "BRAND_CODE":8,
        "PRAN_CODE":1
    },
    {
        "PRODCAT_CODE":47,
        "PRODCAT_DESC":2017,
        "BRAND_CODE":3,
        "PRAN_CODE":3
    },
    {
        "PRODCAT_CODE":48,
        "PRODCAT_DESC":2017,
        "BRAND_CODE":3,
        "PRAN_CODE":1
    },
    {
        "PRODCAT_CODE":49,
        "PRODCAT_DESC":2017,
        "BRAND_CODE":5,
        "PRAN_CODE":3
    },
    {
        "PRODCAT_CODE":50,
        "PRODCAT_DESC":2017,
        "BRAND_CODE":5,
        "PRAN_CODE":1
    },
    {
        "PRODCAT_CODE":51,
        "PRODCAT_DESC":"Unknown",
        "BRAND_CODE":7,
        "PRAN_CODE":1
    },
    {
        "PRODCAT_CODE":52,
        "PRODCAT_DESC":"Products",
        "BRAND_CODE":4,
        "PRAN_CODE":3
    },
    {
        "PRODCAT_CODE":53,
        "PRODCAT_DESC":"Unknown",
        "BRAND_CODE":7,
        "PRAN_CODE":3
    },
    {
        "PRODCAT_CODE":54,
        "PRODCAT_DESC":"2003",
        "BRAND_CODE":7,
        "PRAN_CODE":3
    },
    {
        "PRODCAT_CODE":95,
        "PRODCAT_DESC":"Sale",
        "BRAND_CODE":1,
        "PRAN_CODE":3
    },
    {
        "PRODCAT_CODE":96,
        "PRODCAT_DESC":"Sale",
        "BRAND_CODE":7,
        "PRAN_CODE":3
    },
    {
        "PRODCAT_CODE":97,
        "PRODCAT_DESC":"Sale",
        "BRAND_CODE":3,
        "PRAN_CODE":3
    },
    {
        "PRODCAT_CODE":98,
        "PRODCAT_DESC":"Sale",
        "BRAND_CODE":8,
        "PRAN_CODE":3
    },
    {
        "PRODCAT_CODE":99,
        "PRODCAT_DESC":"Sale",
        "BRAND_CODE":5,
        "PRAN_CODE":3
    },
    {
        "PRODCAT_CODE":100,
        "PRODCAT_DESC":"Discontinued",
        "BRAND_CODE":6,
        "PRAN_CODE":2
    }
]