[
    {
        "SUPPLIER_CODE":"002",
        "SUPPLIER_DESC":"DR",
        "EXCLSV":"Y",
        "NORMAL_PAYTERMS":0,
        "CREDIT_LIMIT":0
    },
    {
        "SUPPLIER_CODE":"003",
        "SUPPLIER_DESC":"V.I.P.",
        "EXCLSV":"Y",
        "NORMAL_PAYTERMS":0,
        "CREDIT_LIMIT":0
    },
    {
        "SUPPLIER_CODE":"004",
        "SUPPLIER_DESC":"DEPT STORES RFC",
        "EXCLSV":"Y",
        "NORMAL_PAYTERMS":0,
        "CREDIT_LIMIT":0
    },
    {
        "SUPPLIER_CODE":"005",
        "SUPPLIER_DESC":"DR DEC02",
        "EXCLSV":"Y",
        "NORMAL_PAYTERMS":0,
        "CREDIT_LIMIT":0
    },
    {
        "SUPPLIER_CODE":"006",
        "SUPPLIER_DESC":"DR 2002 PURCH ORDER JULY02",
        "EXCLSV":"Y",
        "NORMAL_PAYTERMS":90,
        "CREDIT_LIMIT":0
    },
    {
        "SUPPLIER_CODE":"007",
        "SUPPLIER_DESC":"DR - SEPT 02",
        "EXCLSV":"Y",
        "NORMAL_PAYTERMS":90,
        "CREDIT_LIMIT":0
    },
    {
        "SUPPLIER_CODE":"008",
        "SUPPLIER_DESC":"DR SG SHIPMENT MAY 2001",
        "EXCLSV":"Y",
        "NORMAL_PAYTERMS":0,
        "CREDIT_LIMIT":0
    },
    {
        "SUPPLIER_CODE":"009",
        "SUPPLIER_DESC":"DR JUNE 2002",
        "EXCLSV":"Y",
        "NORMAL_PAYTERMS":0,
        "CREDIT_LIMIT":0
    },
    {
        "SUPPLIER_CODE":"010",
        "SUPPLIER_DESC":"DR AUGUST 2001 SHIPMENT",
        "EXCLSV":"Y",
        "NORMAL_PAYTERMS":0,
        "CREDIT_LIMIT":0
    },
    {
        "SUPPLIER_CODE":"011",
        "SUPPLIER_DESC":"DR - SHIPMENT NOV 2001\/2",
        "EXCLSV":"Y",
        "NORMAL_PAYTERMS":0,
        "CREDIT_LIMIT":0
    },
    {
        "SUPPLIER_CODE":"012",
        "SUPPLIER_DESC":"DR JAN 02 AIR SHIP",
        "EXCLSV":"Y",
        "NORMAL_PAYTERMS":0,
        "CREDIT_LIMIT":0
    },
    {
        "SUPPLIER_CODE":"014",
        "SUPPLIER_DESC":"DR FEB 02 SEAFREIGHT",
        "EXCLSV":"Y",
        "NORMAL_PAYTERMS":0,
        "CREDIT_LIMIT":0
    },
    {
        "SUPPLIER_CODE":"015",
        "SUPPLIER_DESC":"SOUTH CHINA",
        "EXCLSV":"Y",
        "NORMAL_PAYTERMS":0,
        "CREDIT_LIMIT":0
    },
    {
        "SUPPLIER_CODE":"Unknown",
        "SUPPLIER_DESC":"UNKNOWN",
        "EXCLSV":"N",
        "NORMAL_PAYTERMS":0,
        "CREDIT_LIMIT":0
    },
    {
        "SUPPLIER_CODE":"ADAG01",
        "SUPPLIER_DESC":"ADVERTISING PURCHASES",
        "EXCLSV":"Y",
        "NORMAL_PAYTERMS":0,
        "CREDIT_LIMIT":0
    },
    {
        "SUPPLIER_CODE":"DCF001",
        "SUPPLIER_DESC":"DC FORWARDING",
        "EXCLSV":"Y",
        "NORMAL_PAYTERMS":0,
        "CREDIT_LIMIT":0
    },
    {
        "SUPPLIER_CODE":"GLOB01",
        "SUPPLIER_DESC":"GLOBAL INTERNET ACCESS",
        "EXCLSV":"Y",
        "NORMAL_PAYTERMS":0,
        "CREDIT_LIMIT":0
    },
    {
        "SUPPLIER_CODE":"LETH01",
        "SUPPLIER_DESC":"LETH TRADING (PTY) LTD",
        "EXCLSV":"Y",
        "NORMAL_PAYTERMS":0,
        "CREDIT_LIMIT":0
    },
    {
        "SUPPLIER_CODE":"MADE01",
        "SUPPLIER_DESC":"MADE",
        "EXCLSV":"Y",
        "NORMAL_PAYTERMS":0,
        "CREDIT_LIMIT":0
    },
    {
        "SUPPLIER_CODE":"MD01",
        "SUPPLIER_DESC":"MDPLASTICS (PTY) LTD",
        "EXCLSV":"Y",
        "NORMAL_PAYTERMS":0,
        "CREDIT_LIMIT":0
    },
    {
        "SUPPLIER_CODE":"PG001",
        "SUPPLIER_DESC":"PG MANUFACTURERS",
        "EXCLSV":"Y",
        "NORMAL_PAYTERMS":0,
        "CREDIT_LIMIT":0
    },
    {
        "SUPPLIER_CODE":"ROY001",
        "SUPPLIER_DESC":"ROYAL CO.",
        "EXCLSV":"Y",
        "NORMAL_PAYTERMS":0,
        "CREDIT_LIMIT":0
    }
]