[
    {
        "CCAT_CODE":0,
        "CCAT_DESC":"Unknown"
    },
    {
        "CCAT_CODE":0,
        "CCAT_DESC":"Unknown"
    },
    {
        "CCAT_CODE":1,
        "CCAT_DESC":"House Accounts"
    },
    {
        "CCAT_CODE":10,
        "CCAT_DESC":"Unknown"
    },
    {
        "CCAT_CODE":11,
        "CCAT_DESC":"Stock Movement Shipments \/ Backup"
    },
    {
        "CCAT_CODE":12,
        "CCAT_DESC":"Samples"
    },
    {
        "CCAT_CODE":13,
        "CCAT_DESC":"Sale Goods"
    },
    {
        "CCAT_CODE":14,
        "CCAT_DESC":"Johannesburg CBD"
    },
    {
        "CCAT_CODE":15,
        "CCAT_DESC":"Unknown"
    },
    {
        "CCAT_CODE":16,
        "CCAT_DESC":"Pretoria East"
    },
    {
        "CCAT_CODE":17,
        "CCAT_DESC":"Unknown"
    },
    {
        "CCAT_CODE":18,
        "CCAT_DESC":"Pietersburg \/ Potgietersrus"
    },
    {
        "CCAT_CODE":19,
        "CCAT_DESC":"Nelspruit \/ Tzaneen"
    },
    {
        "CCAT_CODE":2,
        "CCAT_DESC":"Pretoria Central"
    },
    {
        "CCAT_CODE":20,
        "CCAT_DESC":"Bad Debts"
    },
    {
        "CCAT_CODE":21,
        "CCAT_DESC":"Closed"
    },
    {
        "CCAT_CODE":22,
        "CCAT_DESC":"Unknown"
    },
    {
        "CCAT_CODE":23,
        "CCAT_DESC":"Unknown"
    },
    {
        "CCAT_CODE":24,
        "CCAT_DESC":"Unknown"
    },
    {
        "CCAT_CODE":25,
        "CCAT_DESC":"Ermelo Pietretief"
    },
    {
        "CCAT_CODE":26,
        "CCAT_DESC":"Unknown"
    },
    {
        "CCAT_CODE":27,
        "CCAT_DESC":"Rustenburg Brits"
    },
    {
        "CCAT_CODE":28,
        "CCAT_DESC":"Botswana Trip Excl Exports"
    },
    {
        "CCAT_CODE":29,
        "CCAT_DESC":"Exports Incl Botswana"
    },
    {
        "CCAT_CODE":3,
        "CCAT_DESC":"Speciality Stores"
    },
    {
        "CCAT_CODE":30,
        "CCAT_DESC":"Gauteng North - Sandton"
    },
    {
        "CCAT_CODE":31,
        "CCAT_DESC":"Gauteng East"
    },
    {
        "CCAT_CODE":32,
        "CCAT_DESC":"G North-N\/ Randburg\/Rivonia"
    },
    {
        "CCAT_CODE":33,
        "CCAT_DESC":"Pretoria"
    },
    {
        "CCAT_CODE":34,
        "CCAT_DESC":"North Province - Witbank \/ Middelburg"
    },
    {
        "CCAT_CODE":35,
        "CCAT_DESC":"Unknown"
    },
    {
        "CCAT_CODE":36,
        "CCAT_DESC":"Gauteng North - Eastgate \/ Norwood \/ Midrand"
    },
    {
        "CCAT_CODE":37,
        "CCAT_DESC":"Free State"
    },
    {
        "CCAT_CODE":38,
        "CCAT_DESC":"Unknown"
    },
    {
        "CCAT_CODE":39,
        "CCAT_DESC":"E Cape"
    },
    {
        "CCAT_CODE":4,
        "CCAT_DESC":"Pretoria North\/South \/West"
    },
    {
        "CCAT_CODE":40,
        "CCAT_DESC":"W Cape\/Ct"
    },
    {
        "CCAT_CODE":41,
        "CCAT_DESC":"Kzn\/Dbn"
    },
    {
        "CCAT_CODE":42,
        "CCAT_DESC":"Midlands"
    },
    {
        "CCAT_CODE":43,
        "CCAT_DESC":"Soweto Lenasia"
    },
    {
        "CCAT_CODE":44,
        "CCAT_DESC":"Unknown"
    },
    {
        "CCAT_CODE":45,
        "CCAT_DESC":"Vaal Triangle"
    },
    {
        "CCAT_CODE":46,
        "CCAT_DESC":"Krugersdorp Suncity"
    },
    {
        "CCAT_CODE":47,
        "CCAT_DESC":"Potch Klerksd Kuruman"
    },
    {
        "CCAT_CODE":48,
        "CCAT_DESC":"Unknown"
    },
    {
        "CCAT_CODE":49,
        "CCAT_DESC":"Kwz Natal\/Dbn Deon"
    },
    {
        "CCAT_CODE":5,
        "CCAT_DESC":"Consignment"
    },
    {
        "CCAT_CODE":6,
        "CCAT_DESC":"Advertising Appro"
    },
    {
        "CCAT_CODE":7,
        "CCAT_DESC":"Department Store"
    },
    {
        "CCAT_CODE":8,
        "CCAT_DESC":"Unknown"
    },
    {
        "CCAT_CODE":9,
        "CCAT_DESC":"Unknown"
    }
]