[
    {
        "PRODBRA_CODE":1,
        "PRODBRA_DESC":"A"
    },
    {
        "PRODBRA_CODE":2,
        "PRODBRA_DESC":"B"
    },
    {
        "PRODBRA_CODE":3,
        "PRODBRA_DESC":"C"
    },
    {
        "PRODBRA_CODE":4,
        "PRODBRA_DESC":"D"
    },
    {
        "PRODBRA_CODE":5,
        "PRODBRA_DESC":"E"
    },
    {
        "PRODBRA_CODE":6,
        "PRODBRA_DESC":"F"
    },
    {
        "PRODBRA_CODE":7,
        "PRODBRA_DESC":"G"
    },
    {
        "PRODBRA_CODE":8,
        "PRODBRA_DESC":"H"
    },
    {
        "PRODBRA_CODE":9,
        "PRODBRA_DESC":"I"
    }
]