[
    {
        "REP_CODE":"0",
        "REP_DESC":"Unknown",
        "COMM_METHOD":"Unknown",
        "COMMISSION":0.0
    },
    {
        "REP_CODE":"01",
        "REP_DESC":"Head Office",
        "COMM_METHOD":"Sales",
        "COMMISSION":0.0
    },
    {
        "REP_CODE":"010",
        "REP_DESC":"Ba Allison",
        "COMM_METHOD":"Sales",
        "COMMISSION":0.5
    },
    {
        "REP_CODE":"010C",
        "REP_DESC":"Ba Consignment Sales Acc",
        "COMM_METHOD":"Sales",
        "COMMISSION":0.5
    },
    {
        "REP_CODE":"01AME",
        "REP_DESC":"01 Credit Card",
        "COMM_METHOD":"Sales",
        "COMMISSION":0.5
    },
    {
        "REP_CODE":"01BJ",
        "REP_DESC":"Cat Customer Only -Ex Bj",
        "COMM_METHOD":"Sales",
        "COMMISSION":0.5
    },
    {
        "REP_CODE":"01BM",
        "REP_DESC":"Cat Customer Only Ex Bm",
        "COMM_METHOD":"Sales",
        "COMMISSION":0.5
    },
    {
        "REP_CODE":"01C",
        "REP_DESC":"Cm",
        "COMM_METHOD":"Sales",
        "COMMISSION":0.5
    },
    {
        "REP_CODE":"01CA2",
        "REP_DESC":"Cat Customer  Only- Ex R",
        "COMM_METHOD":"Sales",
        "COMMISSION":0.5
    },
    {
        "REP_CODE":"01CAT",
        "REP_DESC":"Cat Customers Only- Ex Rl",
        "COMM_METHOD":"Sales",
        "COMMISSION":0.5
    },
    {
        "REP_CODE":"01CHE",
        "REP_DESC":"Ch",
        "COMM_METHOD":"Sales",
        "COMMISSION":0.5
    },
    {
        "REP_CODE":"01CM",
        "REP_DESC":"Faulty Code - Do Not Use",
        "COMM_METHOD":"Gross Profit",
        "COMMISSION":0.5
    },
    {
        "REP_CODE":"01CRE",
        "REP_DESC":"01 Credit Card",
        "COMM_METHOD":"Sales",
        "COMMISSION":0.5
    },
    {
        "REP_CODE":"01DIS",
        "REP_DESC":"Disc.  For Wifes\/Friends",
        "COMM_METHOD":"Sales",
        "COMMISSION":0.5
    },
    {
        "REP_CODE":"01EDN",
        "REP_DESC":"Em",
        "COMM_METHOD":"Sales",
        "COMMISSION":0.5
    },
    {
        "REP_CODE":"01EXP",
        "REP_DESC":"Exports",
        "COMM_METHOD":"Gross Profit",
        "COMMISSION":0.5
    },
    {
        "REP_CODE":"01GM",
        "REP_DESC":"Head Office Do Not Use",
        "COMM_METHOD":"Sales",
        "COMMISSION":0.5
    },
    {
        "REP_CODE":"01JUL",
        "REP_DESC":"Ju",
        "COMM_METHOD":"Sales",
        "COMMISSION":0.5
    },
    {
        "REP_CODE":"01LC",
        "REP_DESC":"Ll Consignm",
        "COMM_METHOD":"Sales",
        "COMMISSION":0.5
    },
    {
        "REP_CODE":"01LVD",
        "REP_DESC":"Ll",
        "COMM_METHOD":"Sales",
        "COMMISSION":0.5
    },
    {
        "REP_CODE":"01N",
        "REP_DESC":"01 N",
        "COMM_METHOD":"Sales",
        "COMMISSION":0.5
    },
    {
        "REP_CODE":"01REP",
        "REP_DESC":"Repairs",
        "COMM_METHOD":"Gross Profit",
        "COMMISSION":0.5
    },
    {
        "REP_CODE":"01S01",
        "REP_DESC":"Sale Head Office",
        "COMM_METHOD":"Sales",
        "COMMISSION":0.5
    },
    {
        "REP_CODE":"01S02",
        "REP_DESC":"Sale R",
        "COMM_METHOD":"Sales",
        "COMMISSION":0.5
    },
    {
        "REP_CODE":"01S03",
        "REP_DESC":"Sale Bj",
        "COMM_METHOD":"Sales",
        "COMMISSION":0.5
    },
    {
        "REP_CODE":"01S04",
        "REP_DESC":"Sale Bm",
        "COMM_METHOD":"Sales",
        "COMMISSION":0.5
    },
    {
        "REP_CODE":"01S05",
        "REP_DESC":"Sale Rl",
        "COMM_METHOD":"Sales",
        "COMMISSION":0.5
    },
    {
        "REP_CODE":"01S06",
        "REP_DESC":"Sale Da",
        "COMM_METHOD":"Sales",
        "COMMISSION":0.5
    },
    {
        "REP_CODE":"01S07",
        "REP_DESC":"La Sale Goods",
        "COMM_METHOD":"Sales",
        "COMMISSION":0.5
    },
    {
        "REP_CODE":"01SCG",
        "REP_DESC":"Sale Ch",
        "COMM_METHOD":"Sales",
        "COMMISSION":0.5
    },
    {
        "REP_CODE":"01SJM",
        "REP_DESC":"Sale Ju",
        "COMM_METHOD":"Sales",
        "COMMISSION":0.5
    },
    {
        "REP_CODE":"01SMC",
        "REP_DESC":"Sale Em",
        "COMM_METHOD":"Sales",
        "COMMISSION":0.5
    },
    {
        "REP_CODE":"01STU",
        "REP_DESC":"Head Office'S Customer Dept Store",
        "COMM_METHOD":"Sales",
        "COMMISSION":0.5
    },
    {
        "REP_CODE":"01TOP",
        "REP_DESC":"Head Office-Top Ten Dept Stores",
        "COMM_METHOD":"Sales",
        "COMMISSION":0.5
    },
    {
        "REP_CODE":"01VP",
        "REP_DESC":"Vp",
        "COMM_METHOD":"Sales",
        "COMMISSION":0.5
    },
    {
        "REP_CODE":"01WHO",
        "REP_DESC":"Wholesalers",
        "COMM_METHOD":"Sales",
        "COMMISSION":0.5
    },
    {
        "REP_CODE":"02",
        "REP_DESC":"R",
        "COMM_METHOD":"Sales",
        "COMMISSION":0.5
    },
    {
        "REP_CODE":"02C",
        "REP_DESC":"R Consignment Sales Acc",
        "COMM_METHOD":"Sales",
        "COMMISSION":0.5
    },
    {
        "REP_CODE":"02CHE",
        "REP_DESC":"R'S Customer - Ch'S Sale",
        "COMM_METHOD":"Sales",
        "COMMISSION":0.5
    },
    {
        "REP_CODE":"02GAR",
        "REP_DESC":"Dr",
        "COMM_METHOD":"Sales",
        "COMMISSION":0.5
    },
    {
        "REP_CODE":"02JAS",
        "REP_DESC":"Do Not Use",
        "COMM_METHOD":"Sales",
        "COMMISSION":0.5
    },
    {
        "REP_CODE":"02JUL",
        "REP_DESC":"R'S Customer - Ju'S Sale",
        "COMM_METHOD":"Sales",
        "COMMISSION":0.5
    },
    {
        "REP_CODE":"02MYR",
        "REP_DESC":"R'S Cutomer -Em'S Sale",
        "COMM_METHOD":"Sales",
        "COMMISSION":0.5
    },
    {
        "REP_CODE":"02RO*",
        "REP_DESC":"R  Discount Customer",
        "COMM_METHOD":"Sales",
        "COMMISSION":0.5
    },
    {
        "REP_CODE":"02ROS",
        "REP_DESC":"R'S Customer - Ro'S Sale",
        "COMM_METHOD":"Sales",
        "COMMISSION":0.5
    },
    {
        "REP_CODE":"03",
        "REP_DESC":"Bj",
        "COMM_METHOD":"Sales",
        "COMMISSION":0.5
    },
    {
        "REP_CODE":"03BJ*",
        "REP_DESC":"Bj Discount Customer",
        "COMM_METHOD":"Sales",
        "COMMISSION":0.5
    },
    {
        "REP_CODE":"03C",
        "REP_DESC":"Bj Consignments",
        "COMM_METHOD":"Sales",
        "COMMISSION":0.5
    },
    {
        "REP_CODE":"03CHE",
        "REP_DESC":"Bj'S Customer - Ch'S Sale",
        "COMM_METHOD":"Sales",
        "COMMISSION":0.5
    },
    {
        "REP_CODE":"03GAR",
        "REP_DESC":"Do Not Use",
        "COMM_METHOD":"Sales",
        "COMMISSION":0.5
    },
    {
        "REP_CODE":"03JAS",
        "REP_DESC":"Do Not Use",
        "COMM_METHOD":"Sales",
        "COMMISSION":0.5
    },
    {
        "REP_CODE":"03JUL",
        "REP_DESC":"Bj'S Customer - Ju'S Sale",
        "COMM_METHOD":"Sales",
        "COMMISSION":0.5
    },
    {
        "REP_CODE":"03MYR",
        "REP_DESC":"Bj'S Customer- Em'S Sale",
        "COMM_METHOD":"Sales",
        "COMMISSION":0.5
    },
    {
        "REP_CODE":"03PRO",
        "REP_DESC":"Bj'S Customer- Problem Acc",
        "COMM_METHOD":"Sales",
        "COMMISSION":0.5
    },
    {
        "REP_CODE":"03SGW",
        "REP_DESC":"Bj Exhibition",
        "COMM_METHOD":"Sales",
        "COMMISSION":0.5
    },
    {
        "REP_CODE":"04",
        "REP_DESC":"Bm",
        "COMM_METHOD":"Sales",
        "COMMISSION":0.5
    },
    {
        "REP_CODE":"04C",
        "REP_DESC":"Bm Consignment Sales Acc",
        "COMM_METHOD":"Sales",
        "COMMISSION":0.5
    },
    {
        "REP_CODE":"04CHE",
        "REP_DESC":"Bm'S Customer - Ch'S Sal",
        "COMM_METHOD":"Sales",
        "COMMISSION":0.5
    },
    {
        "REP_CODE":"04GAR",
        "REP_DESC":"Bm Free State + Lesotho",
        "COMM_METHOD":"Sales",
        "COMMISSION":0.5
    },
    {
        "REP_CODE":"04JAS",
        "REP_DESC":"Gr",
        "COMM_METHOD":"Sales",
        "COMMISSION":0.5
    },
    {
        "REP_CODE":"04JUL",
        "REP_DESC":"Bm'S Customer - Ju'S Sale",
        "COMM_METHOD":"Sales",
        "COMMISSION":0.5
    },
    {
        "REP_CODE":"04MA*",
        "REP_DESC":"Bm Discount Customer",
        "COMM_METHOD":"Sales",
        "COMMISSION":0.5
    },
    {
        "REP_CODE":"04MYR",
        "REP_DESC":"Bm'S Customer-Em'S Sale",
        "COMM_METHOD":"Sales",
        "COMMISSION":0.5
    },
    {
        "REP_CODE":"05",
        "REP_DESC":"Rl",
        "COMM_METHOD":"Sales",
        "COMMISSION":0.5
    },
    {
        "REP_CODE":"05C",
        "REP_DESC":"Rl Consignment Sales Acc",
        "COMM_METHOD":"Sales",
        "COMMISSION":0.5
    },
    {
        "REP_CODE":"05CHE",
        "REP_DESC":"Rl'S Customer - Ch Sale",
        "COMM_METHOD":"Sales",
        "COMMISSION":0.5
    },
    {
        "REP_CODE":"05GAR",
        "REP_DESC":"Do Not Use",
        "COMM_METHOD":"Sales",
        "COMMISSION":0.5
    },
    {
        "REP_CODE":"05JAS",
        "REP_DESC":"Do Not Use",
        "COMM_METHOD":"Sales",
        "COMMISSION":0.5
    },
    {
        "REP_CODE":"05JUL",
        "REP_DESC":"Rl'S Customer - Ju'S Sale",
        "COMM_METHOD":"Sales",
        "COMMISSION":0.5
    },
    {
        "REP_CODE":"05MYR",
        "REP_DESC":"Ho'S Customer-Em'S Sale",
        "COMM_METHOD":"Sales",
        "COMMISSION":0.5
    },
    {
        "REP_CODE":"05RA*",
        "REP_DESC":"Ho Discount Customer",
        "COMM_METHOD":"Sales",
        "COMMISSION":0.5
    },
    {
        "REP_CODE":"05SS",
        "REP_DESC":"Ml",
        "COMM_METHOD":"Sales",
        "COMMISSION":0.0
    },
    {
        "REP_CODE":"06",
        "REP_DESC":"Da",
        "COMM_METHOD":"Sales",
        "COMMISSION":0.0
    },
    {
        "REP_CODE":"06C",
        "REP_DESC":"Da Consignment",
        "COMM_METHOD":"Sales",
        "COMMISSION":0.5
    },
    {
        "REP_CODE":"06CHE",
        "REP_DESC":"Da Customer Vp'S Sal",
        "COMM_METHOD":"Sales",
        "COMMISSION":0.0
    },
    {
        "REP_CODE":"06EDN",
        "REP_DESC":"Da'S Customer - Em'S Sal",
        "COMM_METHOD":"Sales",
        "COMMISSION":0.5
    },
    {
        "REP_CODE":"06JUL",
        "REP_DESC":"Da Customer Ju'S Sale",
        "COMM_METHOD":"Sales",
        "COMMISSION":0.5
    },
    {
        "REP_CODE":"06RO*",
        "REP_DESC":"Da Discount Customer",
        "COMM_METHOD":"Sales",
        "COMMISSION":0.5
    },
    {
        "REP_CODE":"07",
        "REP_DESC":"La",
        "COMM_METHOD":"Sales",
        "COMMISSION":0.0
    },
    {
        "REP_CODE":"07C",
        "REP_DESC":"La Consignments Salesacc",
        "COMM_METHOD":"Sales",
        "COMMISSION":0.5
    },
    {
        "REP_CODE":"07CHE",
        "REP_DESC":"La Cust-Vp'S Sale",
        "COMM_METHOD":"Sales",
        "COMMISSION":0.5
    },
    {
        "REP_CODE":"07EDN",
        "REP_DESC":"La Cust-Em Sale",
        "COMM_METHOD":"Sales",
        "COMMISSION":0.5
    },
    {
        "REP_CODE":"07GR",
        "REP_DESC":"07-Group-La",
        "COMM_METHOD":"Sales",
        "COMMISSION":0.5
    },
    {
        "REP_CODE":"07JUL",
        "REP_DESC":"La Custju Sale",
        "COMM_METHOD":"Sales",
        "COMMISSION":0.0
    },
    {
        "REP_CODE":"07RO*",
        "REP_DESC":"La Discount Customers",
        "COMM_METHOD":"Sales",
        "COMMISSION":0.5
    },
    {
        "REP_CODE":"10",
        "REP_DESC":"Ba Allison",
        "COMM_METHOD":"Sales",
        "COMMISSION":0.0
    },
    {
        "REP_CODE":"10C",
        "REP_DESC":"Ba Consignment Sales Acc",
        "COMM_METHOD":"Sales",
        "COMMISSION":0.0
    },
    {
        "REP_CODE":"99999",
        "REP_DESC":"Unknown",
        "COMM_METHOD":"Unknown",
        "COMMISSION":0.0
    },
    {
        "REP_CODE":"CAT03",
        "REP_DESC":"Catalogue Customer Only - Bj",
        "COMM_METHOD":"Sales",
        "COMMISSION":0.5
    },
    {
        "REP_CODE":"CAT04",
        "REP_DESC":"Catalogue Customer Only - Bm",
        "COMM_METHOD":"Sales",
        "COMMISSION":0.5
    },
    {
        "REP_CODE":"CAT06",
        "REP_DESC":"Catalogue Customer Only - Ro",
        "COMM_METHOD":"Sales",
        "COMMISSION":0.5
    },
    {
        "REP_CODE":"CAT07",
        "REP_DESC":"Catalogue Customer-Ch",
        "COMM_METHOD":"Sales",
        "COMMISSION":0.5
    },
    {
        "REP_CODE":"CITC",
        "REP_DESC":"C-  Itc",
        "COMM_METHOD":"Sales",
        "COMMISSION":0.5
    },
    {
        "REP_CODE":"CLEGA",
        "REP_DESC":"C Legal",
        "COMM_METHOD":"Sales",
        "COMMISSION":0.5
    },
    {
        "REP_CODE":"CON10",
        "REP_DESC":"Consignment Ba",
        "COMM_METHOD":"Sales",
        "COMMISSION":0.5
    },
    {
        "REP_CODE":"CON2S",
        "REP_DESC":"Consignment De\/Stand",
        "COMM_METHOD":"Gross Profit",
        "COMMISSION":0.5
    },
    {
        "REP_CODE":"CON3S",
        "REP_DESC":"Consignment Bj\/Stand",
        "COMM_METHOD":"Gross Profit",
        "COMMISSION":0.5
    },
    {
        "REP_CODE":"CON4S",
        "REP_DESC":"Consignment Bm\/Stand",
        "COMM_METHOD":"Gross Profit",
        "COMMISSION":0.5
    },
    {
        "REP_CODE":"CON5S",
        "REP_DESC":"Consignment Ho\/Stand",
        "COMM_METHOD":"Gross Profit",
        "COMMISSION":0.5
    },
    {
        "REP_CODE":"CON6S",
        "REP_DESC":"Consignment Da\/Stand",
        "COMM_METHOD":"Gross Profit",
        "COMMISSION":0.5
    },
    {
        "REP_CODE":"CON7S",
        "REP_DESC":"Consignment La \/ Stand",
        "COMM_METHOD":"Sales",
        "COMMISSION":0.5
    },
    {
        "REP_CODE":"CONS",
        "REP_DESC":"Consignments Head Office",
        "COMM_METHOD":"Gross Profit",
        "COMMISSION":0.5
    },
    {
        "REP_CODE":"CONS2",
        "REP_DESC":"Consignments De",
        "COMM_METHOD":"Gross Profit",
        "COMMISSION":0.5
    },
    {
        "REP_CODE":"CONS3",
        "REP_DESC":"Consignments Bj",
        "COMM_METHOD":"Gross Profit",
        "COMMISSION":0.5
    },
    {
        "REP_CODE":"CONS4",
        "REP_DESC":"Consignments Bm",
        "COMM_METHOD":"Gross Profit",
        "COMMISSION":0.5
    },
    {
        "REP_CODE":"CONS5",
        "REP_DESC":"Consignments Ho",
        "COMM_METHOD":"Gross Profit",
        "COMMISSION":0.5
    },
    {
        "REP_CODE":"CONS6",
        "REP_DESC":"Consignments Da",
        "COMM_METHOD":"Gross Profit",
        "COMMISSION":0.5
    },
    {
        "REP_CODE":"CONS7",
        "REP_DESC":"Consignments La",
        "COMM_METHOD":"Sales",
        "COMMISSION":0.5
    },
    {
        "REP_CODE":"DISC",
        "REP_DESC":"Discount Specials",
        "COMM_METHOD":"Gross Profit",
        "COMMISSION":0.5
    },
    {
        "REP_CODE":"PROMO",
        "REP_DESC":"Promotion Once-Off",
        "COMM_METHOD":"Gross Profit",
        "COMMISSION":0.0
    },
    {
        "REP_CODE":"REP",
        "REP_DESC":"Repair",
        "COMM_METHOD":"Gross Profit",
        "COMMISSION":0.0
    },
    {
        "REP_CODE":"SALE",
        "REP_DESC":"Sales Stock",
        "COMM_METHOD":"Sales",
        "COMMISSION":0.0
    },
    {
        "REP_CODE":"SAMPL",
        "REP_DESC":"Samples",
        "COMM_METHOD":"Gross Profit",
        "COMMISSION":0.0
    },
    {
        "REP_CODE":"STAN2",
        "REP_DESC":"Stands- 30 Pc Consignment",
        "COMM_METHOD":"Gross Profit",
        "COMMISSION":0.0
    },
    {
        "REP_CODE":"STAN3",
        "REP_DESC":"Stands-Consignment",
        "COMM_METHOD":"Gross Profit",
        "COMMISSION":0.0
    },
    {
        "REP_CODE":"STAN4",
        "REP_DESC":"Stands-Consignment",
        "COMM_METHOD":"Gross Profit",
        "COMMISSION":0.0
    },
    {
        "REP_CODE":"STAND",
        "REP_DESC":"Stand-60Pc Consignment",
        "COMM_METHOD":"Gross Profit",
        "COMMISSION":0.0
    },
    {
        "REP_CODE":"STOCK",
        "REP_DESC":"Stock Movement \/ Shipments\/",
        "COMM_METHOD":"Gross Profit",
        "COMMISSION":0.0
    },
    {
        "REP_CODE":"XX",
        "REP_DESC":"House Consignments",
        "COMM_METHOD":"Gross Profit",
        "COMMISSION":0.0
    },
    {
        "REP_CODE":"XXC",
        "REP_DESC":"Sh",
        "COMM_METHOD":"Gross Profit",
        "COMMISSION":0.0
    },
    {
        "REP_CODE":"ZZZ",
        "REP_DESC":"Problem - Deceased Estates",
        "COMM_METHOD":"Gross Profit",
        "COMMISSION":0.0
    },
    {
        "REP_CODE":"ZZZ1",
        "REP_DESC":"Problem - Insolvent Account",
        "COMM_METHOD":"Gross Profit",
        "COMMISSION":0.0
    },
    {
        "REP_CODE":"ZZZ2",
        "REP_DESC":"Bad Debt- H\/Over",
        "COMM_METHOD":"Gross Profit",
        "COMMISSION":0.0
    },
    {
        "REP_CODE":"ZZZ3",
        "REP_DESC":"Bad Debts-Duchess-Handed Over",
        "COMM_METHOD":"Gross Profit",
        "COMMISSION":0.0
    },
    {
        "REP_CODE":"ZZZ4",
        "REP_DESC":"Bad Credit",
        "COMM_METHOD":"Sales",
        "COMMISSION":0.0
    },
    {
        "REP_CODE":"ZZZ5",
        "REP_DESC":"Closed",
        "COMM_METHOD":"Sales",
        "COMMISSION":0.0
    },
    {
        "REP_CODE":"ZZZ6",
        "REP_DESC":"Block And Move - Do Not Use",
        "COMM_METHOD":"Gross Profit",
        "COMMISSION":0.0
    },
    {
        "REP_CODE":"ZZZP",
        "REP_DESC":"Problem-Bad Debt-Paying Off",
        "COMM_METHOD":"Gross Profit",
        "COMMISSION":0.0
    }
]