[
    {
        "REGION_CODE":"000",
        "REGION_DESC":"Unknown"
    },
    {
        "REGION_CODE":"10a",
        "REGION_DESC":"Durban"
    },
    {
        "REGION_CODE":"10b",
        "REGION_DESC":"Midlands"
    },
    {
        "REGION_CODE":"11a",
        "REGION_DESC":"Free State \/ Lesotho"
    },
    {
        "REGION_CODE":"11b",
        "REGION_DESC":"Ermelo \/ Piet Retief"
    },
    {
        "REGION_CODE":"12a",
        "REGION_DESC":"Stores"
    },
    {
        "REGION_CODE":"1a",
        "REGION_DESC":"Pretoria Central"
    },
    {
        "REGION_CODE":"1b",
        "REGION_DESC":"Pretoria North\/South\/West"
    },
    {
        "REGION_CODE":"1c",
        "REGION_DESC":"Pretoria East"
    },
    {
        "REGION_CODE":"1d",
        "REGION_DESC":"Pretoria"
    },
    {
        "REGION_CODE":"1e",
        "REGION_DESC":"Witbank \/ Middelburg"
    },
    {
        "REGION_CODE":"20a",
        "REGION_DESC":"Unknown"
    },
    {
        "REGION_CODE":"21a",
        "REGION_DESC":"Unknown"
    },
    {
        "REGION_CODE":"21b",
        "REGION_DESC":"Samples"
    },
    {
        "REGION_CODE":"21c",
        "REGION_DESC":"Stock - Defectives"
    },
    {
        "REGION_CODE":"25a",
        "REGION_DESC":"Closed - Bad Debts"
    },
    {
        "REGION_CODE":"25b",
        "REGION_DESC":"Closed"
    },
    {
        "REGION_CODE":"2a",
        "REGION_DESC":"Vaal Triangle"
    },
    {
        "REGION_CODE":"2b",
        "REGION_DESC":"Krugersdorp \/ Sun City"
    },
    {
        "REGION_CODE":"2c",
        "REGION_DESC":"Potchefstroom \/ Krugersdorp \/ Kuruman"
    },
    {
        "REGION_CODE":"2d",
        "REGION_DESC":"Rustenburg"
    },
    {
        "REGION_CODE":"3a",
        "REGION_DESC":"Soweto\/Lenasia"
    },
    {
        "REGION_CODE":"3b",
        "REGION_DESC":"Johannesburg Cbd"
    },
    {
        "REGION_CODE":"4a",
        "REGION_DESC":"Pietersburg \/ Potgietersrus"
    },
    {
        "REGION_CODE":"4b",
        "REGION_DESC":"Nelspruit \/ Tzaneen"
    },
    {
        "REGION_CODE":"5a",
        "REGION_DESC":"Botswana And Exports"
    },
    {
        "REGION_CODE":"5b",
        "REGION_DESC":"Reps Trip - Botswana"
    },
    {
        "REGION_CODE":"6a",
        "REGION_DESC":"East Cape"
    },
    {
        "REGION_CODE":"6b",
        "REGION_DESC":"West Cape"
    },
    {
        "REGION_CODE":"7a",
        "REGION_DESC":"Gauteng N - Sandton"
    },
    {
        "REGION_CODE":"7b",
        "REGION_DESC":"Gauteng North - Randburg \/ Rivonia"
    },
    {
        "REGION_CODE":"7c",
        "REGION_DESC":"Gauteng North - Eastgate \/ Norwood \/ Midrand"
    },
    {
        "REGION_CODE":"8a",
        "REGION_DESC":"Gauteng East - Alberton \/ Benoni \/ Kempton"
    },
    {
        "REGION_CODE":"9a",
        "REGION_DESC":"House Accounts"
    }
]